Rk,Home,Date,,Away,Result
1,ATL,2025-04-13,,ORL,W 117-105
2,BOS,2025-04-13,,CHO,W 93-86
3,CLE,2025-04-13,,IND,L 118-126 (2OT)
4,GSW,2025-04-13,,LAC,L 119-124 (OT)
5,HOU,2025-04-13,,DEN,L 111-126
6,MEM,2025-04-13,,DAL,W 132-97
7,MIA,2025-04-13,,WAS,L 118-119
8,MIL,2025-04-13,,DET,W 140-133 (OT)
9,MIN,2025-04-13,,UTA,W 116-105
10,BRK,2025-04-13,,NYK,L 105-113
11,NOP,2025-04-13,,OKC,L 100-115
12,PHI,2025-04-13,,CHI,L 102-122
13,POR,2025-04-13,,LAL,W 109-81
14,SAC,2025-04-13,,PHO,W 109-98
15,SAS,2025-04-13,,TOR,W 125-118
16,BOS,2025-04-11,,CHO,W 130-94
17,CHI,2025-04-11,,WAS,W 119-89
18,DAL,2025-04-11,,TOR,W 124-102
19,DEN,2025-04-11,,MEM,W 117-109
20,DET,2025-04-11,,MIL,L 119-125
21,IND,2025-04-11,,ORL,L 115-129
22,LAL,2025-04-11,,HOU,W 140-109
23,MIN,2025-04-11,,BRK,W 117-91
24,NOP,2025-04-11,,MIA,L 104-153
25,NYK,2025-04-11,,CLE,L 102-108
26,PHI,2025-04-11,,ATL,L 110-124
27,PHO,2025-04-11,,SAS,W 117-98
28,POR,2025-04-11,,GSW,L 86-103
29,SAC,2025-04-11,,LAC,L 100-101
30,UTA,2025-04-11,,OKC,L 111-145
31,DET,2025-04-10,,NYK,W 115-106
32,IND,2025-04-10,,CLE,W 114-112
33,MEM,2025-04-10,,MIN,L 125-141
34,MIL,2025-04-10,,NOP,W 136-111
35,BRK,2025-04-10,,ATL,L 109-133
36,CHI,2025-04-09,,MIA,W 119-111
37,DAL,2025-04-09,,LAL,L 97-112
38,GSW,2025-04-09,,SAS,L 111-114
39,LAC,2025-04-09,,HOU,W 134-117
40,ORL,2025-04-09,,BOS,W 96-76
41,PHO,2025-04-09,,OKC,L 112-125
42,SAC,2025-04-09,,DEN,L 116-124
43,TOR,2025-04-09,,CHO,W 126-96
44,UTA,2025-04-09,,POR,W 133-126 (OT)
45,WAS,2025-04-09,,PHI,L 103-122
46,CHO,2025-04-08,,MEM,L 100-124
47,CLE,2025-04-08,,CHI,W 135-113
48,IND,2025-04-08,,WAS,W 104-98
49,LAC,2025-04-08,,SAS,W 122-117
50,MIL,2025-04-08,,MIN,W 110-103
51,BRK,2025-04-08,,NOP,W 119-114
52,NYK,2025-04-08,,BOS,L 117-119 (OT)
53,OKC,2025-04-08,,LAL,W 136-120
54,ORL,2025-04-08,,ATL,W 119-112
55,PHO,2025-04-08,,GSW,L 95-133
56,DET,2025-04-07,,SAC,L 117-127
57,MIA,2025-04-07,,PHI,W 117-105
58,ATL,2025-04-06,,UTA,W 147-134
59,BOS,2025-04-06,,WAS,W 124-90
60,CHO,2025-04-06,,CHI,L 117-131
61,CLE,2025-04-06,,SAC,L 113-120
62,DEN,2025-04-06,,IND,L 120-125
63,GSW,2025-04-06,,HOU,L 96-106
64,BRK,2025-04-06,,TOR,L 109-120
65,NOP,2025-04-06,,MIL,L 107-111
66,NYK,2025-04-06,,PHO,W 112-98
67,OKC,2025-04-06,,LAL,L 99-126
68,POR,2025-04-06,,SAS,W 120-109
69,ATL,2025-04-05,,NYK,L 105-121
70,DET,2025-04-05,,MEM,L 103-109
71,LAC,2025-04-05,,DAL,W 135-104
72,MIA,2025-04-05,,MIL,L 115-121 (OT)
73,PHI,2025-04-05,,MIN,L 109-114
74,BOS,2025-04-04,,PHO,W 123-103
75,CHO,2025-04-04,,SAC,L 102-125
76,CHI,2025-04-04,,POR,W 118-113
77,GSW,2025-04-04,,DEN,W 118-104
78,HOU,2025-04-04,,OKC,W 125-111
79,IND,2025-04-04,,UTA,W 140-112
80,LAC,2025-04-04,,DAL,W 114-91
81,LAL,2025-04-04,,NOP,W 124-108
82,SAS,2025-04-04,,CLE,L 113-114
83,TOR,2025-04-04,,DET,L 105-117
84,LAL,2025-04-03,,GSW,L 116-123
85,MIA,2025-04-03,,MEM,L 108-110
86,BRK,2025-04-03,,MIN,L 90-105
87,PHI,2025-04-03,,MIL,L 113-126
88,TOR,2025-04-03,,POR,L 103-112
89,WAS,2025-04-03,,ORL,L 97-109
90,BOS,2025-04-02,,MIA,L 103-124
91,CLE,2025-04-02,,NYK,W 124-105
92,DAL,2025-04-02,,ATL,W 120-118
93,DEN,2025-04-02,,SAS,L 106-113
94,HOU,2025-04-02,,UTA,W 143-105
95,IND,2025-04-02,,CHO,W 119-105
96,LAC,2025-04-02,,NOP,W 114-98
97,OKC,2025-04-02,,DET,W 119-103
98,WAS,2025-04-02,,SAC,W 116-111
99,ATL,2025-04-01,,POR,L 113-127
100,CHI,2025-04-01,,TOR,W 137-118
101,DEN,2025-04-01,,MIN,L 139-140 (2OT)
102,MEM,2025-04-01,,GSW,L 125-134
103,MIL,2025-04-01,,PHO,W 133-123
104,NYK,2025-04-01,,PHI,W 105-91
105,SAS,2025-04-01,,ORL,L 105-116
106,CHO,2025-03-31,,UTA,W 110-106
107,DAL,2025-03-31,,BRK,L 109-113
108,IND,2025-03-31,,SAC,W 111-109
109,LAL,2025-03-31,,HOU,W 104-98
110,MEM,2025-03-31,,BOS,L 103-117
111,OKC,2025-03-31,,CHI,W 145-117
112,ORL,2025-03-31,,LAC,L 87-96
113,WAS,2025-03-31,,MIA,L 94-120
114,CLE,2025-03-30,,LAC,W 127-122
115,MIL,2025-03-30,,ATL,L 124-145
116,MIN,2025-03-30,,DET,W 123-104
117,NOP,2025-03-30,,CHO,W 98-94
118,NYK,2025-03-30,,POR,W 110-93
119,PHI,2025-03-30,,TOR,L 109-127
120,PHO,2025-03-30,,HOU,L 109-148
121,SAS,2025-03-30,,GSW,L 106-148
122,CHI,2025-03-29,,DAL,L 119-120
123,MEM,2025-03-29,,LAL,L 127-134
124,OKC,2025-03-29,,IND,W 132-111
125,ORL,2025-03-29,,SAC,W 121-91
126,PHI,2025-03-29,,MIA,L 95-118
127,SAS,2025-03-29,,BOS,L 111-121
128,WAS,2025-03-29,,BRK,L 112-115
129,DEN,2025-03-28,,UTA,W 129-93
130,DET,2025-03-28,,CLE,W 133-122
131,MIL,2025-03-28,,NYK,L 107-116
132,MIN,2025-03-28,,PHO,W 124-109
133,BRK,2025-03-28,,LAC,L 100-132
134,NOP,2025-03-28,,GSW,L 95-111
135,TOR,2025-03-28,,CHO,W 108-97
136,CHI,2025-03-27,,LAL,W 119-117
137,CLE,2025-03-27,,SAS,W 124-116
138,MIA,2025-03-27,,ATL,W 122-112
139,OKC,2025-03-27,,MEM,W 125-104
140,ORL,2025-03-27,,DAL,L 92-101
141,SAC,2025-03-27,,POR,W 128-107
142,UTA,2025-03-27,,HOU,L 110-121
143,WAS,2025-03-27,,IND,L 109-162
144,DEN,2025-03-26,,MIL,W 127-117
145,IND,2025-03-26,,LAL,L 119-120
146,BRK,2025-03-26,,TOR,L 86-116
147,NYK,2025-03-26,,LAC,L 113-126
148,PHI,2025-03-26,,WAS,L 114-119
149,PHO,2025-03-26,,BOS,L 102-132
150,CHO,2025-03-25,,ORL,L 104-111
151,DET,2025-03-25,,SAS,W 122-96
152,HOU,2025-03-25,,ATL,W 121-114
153,MIA,2025-03-25,,GSW,W 112-86
154,NYK,2025-03-25,,DAL,W 128-113
155,POR,2025-03-25,,CLE,L 111-122
156,SAC,2025-03-25,,OKC,L 105-121
157,UTA,2025-03-25,,MEM,L 103-140
158,DEN,2025-03-24,,CHI,L 119-129
159,IND,2025-03-24,,MIN,W 119-103
160,BRK,2025-03-24,,DAL,L 101-120
161,NOP,2025-03-24,,PHI,W 112-99
162,ORL,2025-03-24,,LAL,W 118-106
163,PHO,2025-03-24,,MIL,W 108-106
164,SAC,2025-03-24,,BOS,L 95-113
165,WAS,2025-03-24,,TOR,L 104-112
166,ATL,2025-03-23,,PHI,W 132-119
167,DET,2025-03-23,,NOP,W 136-130
168,HOU,2025-03-23,,DEN,L 111-116
169,LAC,2025-03-23,,OKC,L 101-103
170,MIA,2025-03-23,,CHO,W 122-105
171,POR,2025-03-23,,BOS,L 116-129
172,TOR,2025-03-23,,SAS,L 89-123
173,UTA,2025-03-23,,CLE,L 91-120
174,ATL,2025-03-22,,GSW,W 124-115
175,IND,2025-03-22,,BRK,W 108-103
176,LAL,2025-03-22,,CHI,L 115-146
177,NYK,2025-03-22,,WAS,W 122-103
178,SAC,2025-03-22,,MIL,L 108-114
179,DAL,2025-03-21,,DET,W 123-117
180,LAC,2025-03-21,,MEM,W 128-108
181,MIA,2025-03-21,,HOU,L 98-102
182,MIN,2025-03-21,,NOP,W 134-93
183,OKC,2025-03-21,,CHO,W 141-106
184,PHO,2025-03-21,,CLE,W 123-112
185,POR,2025-03-21,,DEN,W 128-109
186,SAS,2025-03-21,,PHI,W 128-120
187,UTA,2025-03-21,,BOS,L 99-121
188,WAS,2025-03-21,,ORL,L 105-120
189,CHO,2025-03-20,,NYK,W 115-98
190,GSW,2025-03-20,,TOR,W 117-114
191,IND,2025-03-20,,BRK,W 105-99 (OT)
192,LAL,2025-03-20,,MIL,L 89-118
193,SAC,2025-03-20,,CHI,L 116-128
194,IND,2025-03-19,,DAL,W 135-131
195,LAL,2025-03-19,,DEN,W 120-108
196,MIA,2025-03-19,,DET,L 113-116
197,MIN,2025-03-19,,NOP,L 115-119
198,OKC,2025-03-19,,PHI,W 133-100
199,ORL,2025-03-19,,HOU,L 108-116
200,PHO,2025-03-19,,CHI,W 127-121
201,POR,2025-03-19,,MEM,W 115-99
202,SAC,2025-03-19,,CLE,W 123-119
203,SAS,2025-03-19,,NYK,W 120-105
204,UTA,2025-03-19,,WAS,W 128-112
205,BOS,2025-03-18,,BRK,W 104-96
206,CHO,2025-03-18,,ATL,L 102-134
207,GSW,2025-03-18,,MIL,W 104-93
208,LAC,2025-03-18,,CLE,W 132-119
209,GSW,2025-03-17,,DEN,L 105-114
210,HOU,2025-03-17,,PHI,W 144-137 (OT)
211,LAL,2025-03-17,,SAS,W 125-109
212,MIN,2025-03-17,,IND,L 130-132 (OT)
213,NOP,2025-03-17,,DET,L 81-127
214,NYK,2025-03-17,,MIA,W 116-95
215,PHO,2025-03-17,,TOR,W 129-89
216,POR,2025-03-17,,WAS,W 112-97
217,SAC,2025-03-17,,MEM,W 132-122
218,UTA,2025-03-17,,CHI,L 97-111
219,CLE,2025-03-16,,ORL,L 103-108
220,DAL,2025-03-16,,PHI,L 125-130
221,LAC,2025-03-16,,CHO,W 123-88
222,LAL,2025-03-16,,PHO,W 107-96
223,MIL,2025-03-16,,OKC,L 105-121
224,MIN,2025-03-16,,UTA,W 128-102
225,BRK,2025-03-16,,ATL,W 122-114
226,POR,2025-03-16,,TOR,W 105-102
227,DEN,2025-03-15,,WAS,L 123-126
228,DET,2025-03-15,,OKC,L 107-113
229,GSW,2025-03-15,,NYK,W 97-94
230,HOU,2025-03-15,,CHI,W 117-114
231,MEM,2025-03-15,,MIA,W 125-91
232,MIL,2025-03-15,,IND,W 126-119
233,BRK,2025-03-15,,BOS,L 113-115
234,SAS,2025-03-15,,NOP,W 119-115
235,ATL,2025-03-14,,LAC,L 98-121
236,DEN,2025-03-14,,LAL,W 131-126
237,HOU,2025-03-14,,DAL,W 133-96
238,MEM,2025-03-14,,CLE,L 124-133
239,MIA,2025-03-14,,BOS,L 91-103
240,MIN,2025-03-14,,ORL,W 118-111
241,PHI,2025-03-14,,IND,L 100-112
242,PHO,2025-03-14,,SAC,W 122-106
243,SAS,2025-03-14,,CHO,L 134-145
244,UTA,2025-03-14,,TOR,L 118-126
245,CHI,2025-03-13,,BRK,W 116-110
246,DET,2025-03-13,,WAS,L 125-129
247,GSW,2025-03-13,,SAC,W 130-104
248,MIL,2025-03-13,,LAL,W 126-106
249,NOP,2025-03-13,,ORL,L 93-113
250,ATL,2025-03-12,,CHO,W 123-110
251,BOS,2025-03-12,,OKC,L 112-118
252,DEN,2025-03-12,,MIN,L 95-115
253,HOU,2025-03-12,,PHO,W 111-104
254,MEM,2025-03-12,,UTA,W 122-115
255,MIA,2025-03-12,,LAC,L 104-119
256,POR,2025-03-12,,NYK,L 113-114 (OT)
257,SAS,2025-03-12,,DAL,W 126-116
258,TOR,2025-03-12,,PHI,W 118-105
259,CLE,2025-03-11,,BRK,W 109-104
260,DET,2025-03-11,,WAS,W 123-103
261,IND,2025-03-11,,MIL,W 115-114
262,NOP,2025-03-11,,LAC,W 127-120
263,ATL,2025-03-10,,PHI,W 132-123
264,BOS,2025-03-10,,UTA,W 114-108
265,CHI,2025-03-10,,IND,W 121-103
266,GSW,2025-03-10,,POR,W 130-120
267,HOU,2025-03-10,,ORL,W 97-84
268,MEM,2025-03-10,,PHO,W 120-118
269,MIA,2025-03-10,,CHO,L 102-105
270,BRK,2025-03-10,,LAL,W 111-108
271,OKC,2025-03-10,,DEN,L 127-140
272,SAC,2025-03-10,,NYK,L 104-133
273,SAS,2025-03-10,,DAL,L 129-133
274,TOR,2025-03-10,,WAS,W 119-104
275,DAL,2025-03-09,,PHO,L 116-125
276,LAC,2025-03-09,,SAC,W 111-110 (OT)
277,MIL,2025-03-09,,CLE,L 100-112
278,MIN,2025-03-09,,SAS,W 141-124
279,NOP,2025-03-09,,MEM,L 104-107
280,OKC,2025-03-09,,DEN,W 127-103
281,PHI,2025-03-09,,UTA,W 126-122
282,POR,2025-03-09,,DET,L 112-119
283,ATL,2025-03-08,,IND,W 120-118
284,BOS,2025-03-08,,LAL,W 111-101
285,CHO,2025-03-08,,BRK,W 105-102
286,GSW,2025-03-08,,DET,W 115-110
287,HOU,2025-03-08,,NOP,W 146-117
288,MIA,2025-03-08,,CHI,L 109-114
289,MIL,2025-03-08,,ORL,L 109-111
290,TOR,2025-03-08,,WAS,L 117-118
291,CHO,2025-03-07,,CLE,L 117-118
292,DAL,2025-03-07,,MEM,L 111-122
293,DEN,2025-03-07,,PHO,W 149-141 (OT)
294,LAC,2025-03-07,,NYK,W 105-95
295,MIA,2025-03-07,,MIN,L 104-106
296,OKC,2025-03-07,,POR,W 107-89
297,SAC,2025-03-07,,SAS,W 127-109
298,TOR,2025-03-07,,UTA,W 118-109
299,ATL,2025-03-06,,IND,W 124-118
300,BOS,2025-03-06,,PHI,W 123-105
301,LAL,2025-03-06,,NYK,W 113-109 (OT)
302,BRK,2025-03-06,,GSW,L 119-121
303,NOP,2025-03-06,,HOU,L 97-109
304,ORL,2025-03-06,,CHI,L 123-125
305,BOS,2025-03-05,,POR,W 128-118
306,CHO,2025-03-05,,MIN,L 110-125
307,CLE,2025-03-05,,MIA,W 112-107
308,DEN,2025-03-05,,SAC,W 116-110
309,LAC,2025-03-05,,DET,W 123-115
310,MEM,2025-03-05,,OKC,L 103-120
311,MIL,2025-03-05,,DAL,W 137-107
312,WAS,2025-03-05,,UTA,W 125-122
313,ATL,2025-03-04,,MIL,L 121-127
314,CHI,2025-03-04,,CLE,L 117-139
315,IND,2025-03-04,,HOU,W 115-102
316,LAL,2025-03-04,,NOP,W 136-115
317,MIN,2025-03-04,,PHI,W 126-112
318,NYK,2025-03-04,,GSW,L 102-114
319,ORL,2025-03-04,,TOR,L 113-114
320,PHO,2025-03-04,,LAC,W 119-117
321,SAS,2025-03-04,,BRK,W 127-113
322,CHO,2025-03-03,,GSW,L 101-119
323,DAL,2025-03-03,,SAC,L 98-122
324,MEM,2025-03-03,,ATL,L 130-132
325,MIA,2025-03-03,,WAS,W 106-90
326,OKC,2025-03-03,,HOU,W 137-128
327,PHI,2025-03-03,,POR,L 102-119
328,UTA,2025-03-03,,DET,L 106-134
329,BOS,2025-03-02,,DEN,W 110-103
330,CLE,2025-03-02,,POR,W 133-129 (OT)
331,IND,2025-03-02,,CHI,W 127-112
332,LAL,2025-03-02,,LAC,W 108-102
333,MIA,2025-03-02,,NYK,L 112-116 (OT)
334,ORL,2025-03-02,,TOR,L 102-104
335,PHO,2025-03-02,,MIN,L 98-116
336,SAS,2025-03-02,,OKC,L 132-146
337,UTA,2025-03-02,,NOP,L 121-128
338,CHO,2025-03-01,,WAS,L 100-113
339,DAL,2025-03-01,,MIL,L 117-132
340,DET,2025-03-01,,BRK,W 115-94
341,HOU,2025-03-01,,SAC,L 103-113
342,MEM,2025-03-01,,SAS,L 128-130
343,PHI,2025-03-01,,GSW,W 126-119
344,ATL,2025-02-28,,OKC,L 119-135
345,BOS,2025-02-28,,CLE,L 116-123
346,CHI,2025-02-28,,TOR,W 125-115 (OT)
347,DET,2025-02-28,,DEN,L 119-134
348,LAL,2025-02-28,,LAC,W 106-102
349,MEM,2025-02-28,,NYK,L 113-114
350,MIA,2025-02-28,,IND,W 125-120
351,BRK,2025-02-28,,POR,L 102-121
352,PHO,2025-02-28,,NOP,W 125-108
353,UTA,2025-02-28,,MIN,W 117-116
354,DAL,2025-02-27,,CHO,W 103-96
355,LAL,2025-02-27,,MIN,W 111-102
356,MIL,2025-02-27,,DEN,W 121-112
357,ORL,2025-02-27,,GSW,L 115-121
358,PHO,2025-02-27,,NOP,L 116-124
359,CHI,2025-02-26,,LAC,L 117-122
360,DET,2025-02-26,,BOS,W 117-97
361,HOU,2025-02-26,,SAS,W 118-106
362,IND,2025-02-26,,TOR,W 111-91
363,MIA,2025-02-26,,ATL,W 131-109
364,BRK,2025-02-26,,OKC,L 121-129
365,NYK,2025-02-26,,PHI,W 110-105
366,UTA,2025-02-26,,SAC,L 101-118
367,WAS,2025-02-26,,POR,L 121-129
368,GSW,2025-02-25,,CHO,W 128-92
369,HOU,2025-02-25,,MIL,W 100-97
370,LAL,2025-02-25,,DAL,W 107-99
371,MEM,2025-02-25,,PHO,W 151-148 (OT)
372,NOP,2025-02-25,,SAS,W 109-103
373,ORL,2025-02-25,,CLE,L 82-122
374,TOR,2025-02-25,,BOS,L 101-111
375,ATL,2025-02-24,,MIA,W 98-86
376,DET,2025-02-24,,LAC,W 106-97
377,IND,2025-02-24,,DEN,L 116-125
378,OKC,2025-02-24,,MIN,L 128-131 (OT)
379,PHI,2025-02-24,,CHI,L 110-142
380,SAC,2025-02-24,,CHO,W 130-88
381,UTA,2025-02-24,,POR,L 112-114
382,WAS,2025-02-24,,BRK,W 107-99
383,ATL,2025-02-23,,DET,L 143-148
384,BOS,2025-02-23,,NYK,W 118-105
385,CLE,2025-02-23,,MEM,W 129-123
386,GSW,2025-02-23,,DAL,W 126-102
387,IND,2025-02-23,,LAC,W 129-111
388,MIL,2025-02-23,,MIA,W 120-113
389,MIN,2025-02-23,,OKC,L 123-130
390,NOP,2025-02-23,,SAS,W 114-96
391,ORL,2025-02-23,,WAS,W 110-90
392,TOR,2025-02-23,,PHO,W 127-109
393,CHI,2025-02-22,,PHO,L 117-121
394,DEN,2025-02-22,,LAL,L 100-123
395,PHI,2025-02-22,,BRK,L 103-105
396,POR,2025-02-22,,CHO,W 141-88
397,UTA,2025-02-22,,HOU,W 124-115
398,CLE,2025-02-21,,NYK,W 142-105
399,DAL,2025-02-21,,NOP,W 111-103
400,HOU,2025-02-21,,MIN,W 121-115
401,ORL,2025-02-21,,MEM,L 104-105
402,SAC,2025-02-21,,GSW,L 108-132
403,SAS,2025-02-21,,DET,L 110-125
404,TOR,2025-02-21,,MIA,L 111-120 (OT)
405,UTA,2025-02-21,,OKC,L 107-130
406,WAS,2025-02-21,,MIL,L 101-104
407,ATL,2025-02-20,,ORL,L 108-114
408,DEN,2025-02-20,,CHO,W 129-115
409,IND,2025-02-20,,MEM,W 127-113
410,MIL,2025-02-20,,LAC,W 116-110
411,BRK,2025-02-20,,CLE,L 97-110
412,NYK,2025-02-20,,CHI,W 113-111 (OT)
413,PHI,2025-02-20,,BOS,L 104-124
414,POR,2025-02-20,,LAL,L 102-110
415,SAS,2025-02-20,,PHO,W 120-109
416,LAL,2025-02-19,,CHO,L 97-100
417,DAL,2025-02-13,,MIA,W 118-113
418,HOU,2025-02-13,,GSW,L 98-105
419,MIN,2025-02-13,,OKC,W 116-101
420,NOP,2025-02-13,,SAC,W 140-133 (OT)
421,UTA,2025-02-13,,LAC,L 116-120 (OT)
422,BOS,2025-02-12,,SAS,W 116-103
423,CHI,2025-02-12,,DET,L 110-128
424,DAL,2025-02-12,,GSW,W 111-107
425,DEN,2025-02-12,,POR,W 132-121
426,HOU,2025-02-12,,PHO,W 119-111
427,LAC,2025-02-12,,MEM,W 128-114
428,MIN,2025-02-12,,MIL,L 101-103
429,BRK,2025-02-12,,PHI,W 100-96
430,NOP,2025-02-12,,SAC,L 111-119
431,NYK,2025-02-12,,ATL,W 149-148 (OT)
432,OKC,2025-02-12,,MIA,W 115-101
433,ORL,2025-02-12,,CHO,W 102-86
434,TOR,2025-02-12,,CLE,L 108-131
435,UTA,2025-02-12,,LAL,W 131-119
436,WAS,2025-02-12,,IND,L 130-134 (OT)
437,CHI,2025-02-11,,DET,L 92-132
438,IND,2025-02-11,,NYK,L 115-128
439,PHI,2025-02-11,,TOR,L 103-106
440,PHO,2025-02-11,,MEM,L 112-119
441,CLE,2025-02-10,,MIN,W 128-107
442,DAL,2025-02-10,,SAC,L 128-129 (OT)
443,DEN,2025-02-10,,POR,W 146-117
444,LAL,2025-02-10,,UTA,W 132-113
445,MIA,2025-02-10,,BOS,L 85-103
446,MIL,2025-02-10,,GSW,L 111-125
447,BRK,2025-02-10,,CHO,W 97-89
448,OKC,2025-02-10,,NOP,W 137-101
449,ORL,2025-02-10,,ATL,L 106-112
450,WAS,2025-02-10,,SAS,L 121-131
451,DET,2025-02-09,,CHO,W 112-102
452,HOU,2025-02-09,,TOR,W 94-87
453,MIL,2025-02-09,,PHI,W 135-127
454,CHI,2025-02-08,,GSW,L 111-132
455,DAL,2025-02-08,,HOU,W 116-105
456,LAC,2025-02-08,,UTA,W 130-110
457,LAL,2025-02-08,,IND,W 124-117
458,MEM,2025-02-08,,OKC,L 112-125
459,MIN,2025-02-08,,POR,W 114-98
460,NYK,2025-02-08,,BOS,L 104-131
461,ORL,2025-02-08,,SAS,W 112-111
462,PHO,2025-02-08,,DEN,L 105-122
463,SAC,2025-02-08,,NOP,W 123-118
464,WAS,2025-02-08,,ATL,L 111-125
465,ATL,2025-02-07,,MIL,W 115-110
466,CHO,2025-02-07,,SAS,W 117-116
467,DET,2025-02-07,,PHI,W 125-112
468,BRK,2025-02-07,,MIA,W 102-86
469,OKC,2025-02-07,,TOR,W 121-109
470,PHO,2025-02-07,,UTA,W 135-127 (OT)
471,WAS,2025-02-07,,CLE,L 124-134
472,BOS,2025-02-06,,DAL,L 120-127
473,DEN,2025-02-06,,ORL,W 112-90
474,LAC,2025-02-06,,IND,L 112-119
475,LAL,2025-02-06,,GSW,W 120-112
476,MIN,2025-02-06,,HOU,W 127-114
477,POR,2025-02-06,,SAC,W 108-102
478,ATL,2025-02-05,,SAS,L 125-126
479,CHO,2025-02-05,,MIL,L 102-112
480,DEN,2025-02-05,,NOP,W 144-119
481,DET,2025-02-05,,CLE,L 115-118
482,MIN,2025-02-05,,CHI,W 127-108
483,BRK,2025-02-05,,WAS,L 102-119
484,OKC,2025-02-05,,PHO,W 140-109
485,PHI,2025-02-05,,MIA,L 101-108
486,SAC,2025-02-05,,ORL,L 111-130
487,TOR,2025-02-05,,MEM,L 107-138
488,UTA,2025-02-05,,GSW,W 131-128
489,CHI,2025-02-04,,MIA,W 133-124
490,CLE,2025-02-04,,BOS,L 105-112
491,LAC,2025-02-04,,LAL,L 97-122
492,BRK,2025-02-04,,HOU,W 99-97
493,PHI,2025-02-04,,DAL,W 118-116
494,POR,2025-02-04,,IND,W 112-89
495,TOR,2025-02-04,,NYK,L 115-121
496,CHO,2025-02-03,,WAS,L 114-124
497,DEN,2025-02-03,,NOP,W 125-113
498,DET,2025-02-03,,ATL,L 130-132
499,GSW,2025-02-03,,ORL,W 104-99
500,MEM,2025-02-03,,SAS,W 128-109
501,MIN,2025-02-03,,SAC,L 114-116
502,NYK,2025-02-03,,HOU,W 124-118
503,OKC,2025-02-03,,MIL,W 125-96
504,POR,2025-02-03,,PHO,W 121-119 (OT)
505,UTA,2025-02-03,,IND,L 111-112
506,CLE,2025-02-02,,DAL,W 144-101
507,DET,2025-02-02,,CHI,W 127-119
508,MIL,2025-02-02,,MEM,L 119-132
509,PHI,2025-02-02,,BOS,L 110-118
510,TOR,2025-02-02,,LAC,W 115-108
511,CHO,2025-02-01,,DEN,L 104-107
512,HOU,2025-02-01,,BRK,L 98-110
513,IND,2025-02-01,,ATL,W 132-127
514,MIN,2025-02-01,,WAS,L 103-105
515,NYK,2025-02-01,,LAL,L 112-128
516,OKC,2025-02-01,,SAC,W 144-110
517,POR,2025-02-01,,PHO,W 127-108
518,SAS,2025-02-01,,MIA,L 103-105
519,UTA,2025-02-01,,ORL,W 113-99
520,CHO,2025-01-31,,LAC,L 104-112
521,DET,2025-01-31,,DAL,W 117-102
522,GSW,2025-01-31,,PHO,L 105-130
523,NOP,2025-01-31,,BOS,L 116-118
524,PHI,2025-01-31,,DEN,L 134-137
525,SAS,2025-01-31,,MIL,W 144-118
526,TOR,2025-01-31,,CHI,L 106-122
527,CLE,2025-01-30,,ATL,W 137-115
528,MEM,2025-01-30,,HOU,W 120-119
529,POR,2025-01-30,,ORL,W 119-90
530,UTA,2025-01-30,,MIN,L 113-138
531,WAS,2025-01-30,,LAL,L 96-134
532,BOS,2025-01-29,,CHI,W 122-100
533,CHO,2025-01-29,,BRK,L 83-104
534,GSW,2025-01-29,,OKC,W 116-109
535,IND,2025-01-29,,DET,W 133-119
536,MIA,2025-01-29,,CLE,L 106-126
537,NOP,2025-01-29,,DAL,L 136-137
538,NYK,2025-01-29,,DEN,W 122-112
539,PHI,2025-01-29,,SAC,W 117-104
540,PHO,2025-01-29,,MIN,L 113-121
541,SAS,2025-01-29,,LAC,L 116-128
542,WAS,2025-01-29,,TOR,L 82-106
543,ATL,2025-01-28,,HOU,L 96-100
544,GSW,2025-01-28,,UTA,W 114-103
545,PHI,2025-01-28,,LAL,W 118-104
546,POR,2025-01-28,,MIL,W 125-112
547,BOS,2025-01-27,,HOU,L 112-114
548,CHO,2025-01-27,,LAL,L 107-112
549,CHI,2025-01-27,,DEN,W 129-121
550,CLE,2025-01-27,,DET,W 110-91
551,DAL,2025-01-27,,WAS,W 130-108
552,MIA,2025-01-27,,ORL,W 125-119 (2OT)
553,MIN,2025-01-27,,ATL,W 100-92
554,BRK,2025-01-27,,SAC,L 96-110
555,NYK,2025-01-27,,MEM,W 143-106
556,PHO,2025-01-27,,LAC,W 111-109
557,TOR,2025-01-27,,NOP,W 113-104
558,UTA,2025-01-27,,MIL,L 110-125
559,POR,2025-01-26,,OKC,L 108-118
560,ATL,2025-01-25,,TOR,L 94-117
561,CHO,2025-01-25,,NOP,W 123-92
562,CHI,2025-01-25,,PHI,L 97-109
563,CLE,2025-01-25,,HOU,L 131-135
564,DAL,2025-01-25,,BOS,L 107-122
565,GSW,2025-01-25,,LAL,L 108-118
566,LAC,2025-01-25,,MIL,W 127-117
567,MEM,2025-01-25,,UTA,W 125-103
568,MIN,2025-01-25,,DEN,W 133-104
569,BRK,2025-01-25,,MIA,L 97-106
570,NYK,2025-01-25,,SAC,W 143-120
571,ORL,2025-01-25,,DET,W 121-113
572,PHO,2025-01-25,,WAS,W 119-109
573,SAS,2025-01-25,,IND,L 98-136
574,CHO,2025-01-24,,POR,L 97-102
575,MEM,2025-01-24,,NOP,W 139-126
576,PHI,2025-01-24,,CLE,W 132-129
577,ATL,2025-01-23,,TOR,L 119-122
578,DEN,2025-01-23,,SAC,W 132-123
579,GSW,2025-01-23,,CHI,W 131-106
580,IND,2025-01-23,,SAS,L 110-140
581,LAC,2025-01-23,,WAS,W 110-93
582,LAL,2025-01-23,,BOS,W 117-96
583,MIL,2025-01-23,,MIA,W 125-96
584,OKC,2025-01-23,,DAL,L 115-121
585,ORL,2025-01-23,,POR,L 79-101
586,ATL,2025-01-22,,DET,L 104-114
587,DAL,2025-01-22,,MIN,L 114-115
588,HOU,2025-01-22,,CLE,W 109-108
589,LAC,2025-01-22,,BOS,L 113-117 (OT)
590,MEM,2025-01-22,,CHO,W 132-120
591,BRK,2025-01-22,,PHO,L 84-108
592,OKC,2025-01-22,,UTA,W 123-114
593,SAC,2025-01-22,,GSW,W 123-117
594,DEN,2025-01-21,,PHI,W 144-109
595,LAL,2025-01-21,,WAS,W 111-88
596,MIA,2025-01-21,,POR,L 107-116
597,BRK,2025-01-21,,NYK,L 95-99
598,TOR,2025-01-21,,ORL,W 109-93
599,CHO,2025-01-20,,DAL,W 110-105
600,CLE,2025-01-20,,PHO,W 118-92
601,GSW,2025-01-20,,BOS,L 85-125
602,HOU,2025-01-20,,DET,L 96-107
603,LAC,2025-01-20,,CHI,L 99-112
604,MEM,2025-01-20,,MIN,W 108-106
605,NOP,2025-01-20,,UTA,W 123-119 (OT)
606,NYK,2025-01-20,,ATL,W 119-110
607,LAC,2025-01-19,,LAL,W 116-102
608,MIA,2025-01-19,,SAS,W 128-107
609,MIL,2025-01-19,,PHI,W 123-109
610,OKC,2025-01-19,,BRK,W 127-101
611,ORL,2025-01-19,,DEN,L 100-113
612,POR,2025-01-19,,CHI,W 113-102
613,SAC,2025-01-19,,WAS,W 123-100
614,BOS,2025-01-18,,ATL,L 115-119 (OT)
615,DET,2025-01-18,,PHO,L 121-125
616,GSW,2025-01-18,,WAS,W 122-114
617,IND,2025-01-18,,PHI,W 115-102
618,MIN,2025-01-18,,CLE,L 117-124
619,POR,2025-01-18,,HOU,L 103-125
620,BOS,2025-01-17,,ORL,W 121-94
621,CHI,2025-01-17,,CHO,L 123-125
622,DAL,2025-01-17,,OKC,W 106-98
623,LAL,2025-01-17,,BRK,W 102-101
624,MIA,2025-01-17,,DEN,L 113-133
625,MIL,2025-01-17,,TOR,W 130-112
626,NOP,2025-01-17,,UTA,W 136-123
627,NYK,2025-01-17,,MIN,L 99-116
628,SAS,2025-01-17,,MEM,L 112-140
629,DET,2025-01-16,,IND,L 100-111
630,OKC,2025-01-16,,CLE,W 134-114
631,POR,2025-01-16,,LAC,L 89-118
632,SAC,2025-01-16,,HOU,W 132-127
633,WAS,2025-01-16,,PHO,L 123-130
634,CHI,2025-01-15,,ATL,L 94-110
635,DEN,2025-01-15,,HOU,L 108-128
636,LAC,2025-01-15,,BRK,W 126-67
637,LAL,2025-01-15,,MIA,W 117-108
638,MIL,2025-01-15,,ORL,W 122-93
639,MIN,2025-01-15,,GSW,L 115-116
640,NOP,2025-01-15,,DAL,W 119-116
641,PHI,2025-01-15,,NYK,L 119-125 (OT)
642,SAS,2025-01-15,,MEM,L 115-129
643,TOR,2025-01-15,,BOS,W 110-97
644,UTA,2025-01-15,,CHO,L 112-117
645,ATL,2025-01-14,,PHO,W 122-117
646,CHI,2025-01-14,,NOP,L 113-119
647,DAL,2025-01-14,,DEN,L 99-118
648,IND,2025-01-14,,CLE,L 117-127
649,MIL,2025-01-14,,SAC,W 130-115
650,PHI,2025-01-14,,OKC,L 102-118
651,POR,2025-01-14,,BRK,L 114-132
652,HOU,2025-01-13,,MEM,W 120-118
653,LAC,2025-01-13,,MIA,W 109-98
654,LAL,2025-01-13,,SAS,L 102-126
655,NYK,2025-01-13,,DET,L 119-124
656,TOR,2025-01-13,,GSW,W 104-101
657,WAS,2025-01-13,,MIN,L 106-120
658,BOS,2025-01-12,,NOP,W 120-119
659,CHI,2025-01-12,,SAC,L 119-124
660,CLE,2025-01-12,,IND,L 93-108
661,DAL,2025-01-12,,DEN,L 101-112
662,NYK,2025-01-12,,MIL,W 140-106
663,ORL,2025-01-12,,PHI,W 104-99
664,PHO,2025-01-12,,CHO,W 120-113
665,UTA,2025-01-12,,BRK,W 112-111 (OT)
666,WAS,2025-01-12,,OKC,L 95-136
667,DET,2025-01-11,,TOR,W 123-114
668,MIN,2025-01-11,,MEM,L 125-127
669,PHO,2025-01-11,,UTA,W 114-106
670,POR,2025-01-11,,MIA,L 98-119
671,BOS,2025-01-10,,SAC,L 97-114
672,CHI,2025-01-10,,WAS,W 138-105
673,DEN,2025-01-10,,BRK,W 124-105
674,IND,2025-01-10,,GSW,W 108-96
675,NYK,2025-01-10,,OKC,L 101-126
676,ORL,2025-01-10,,MIL,L 106-109
677,PHI,2025-01-10,,NOP,L 115-123
678,CLE,2025-01-09,,TOR,W 132-126
679,DAL,2025-01-09,,POR,W 117-111
680,DET,2025-01-09,,GSW,L 104-107
681,MEM,2025-01-09,,HOU,L 115-119
682,ORL,2025-01-09,,MIN,L 89-104
683,PHO,2025-01-09,,ATL,W 123-115
684,UTA,2025-01-09,,MIA,L 92-97
685,CLE,2025-01-08,,OKC,W 129-122
686,DEN,2025-01-08,,LAC,W 126-103
687,IND,2025-01-08,,CHI,W 129-113
688,MIL,2025-01-08,,SAS,W 121-105
689,BRK,2025-01-08,,DET,L 98-113
690,NOP,2025-01-08,,POR,L 100-119
691,NYK,2025-01-08,,TOR,W 112-98
692,PHI,2025-01-08,,WAS,W 109-103
693,CHO,2025-01-07,,PHO,W 115-104
694,DAL,2025-01-07,,LAL,W 118-97
695,DEN,2025-01-07,,BOS,L 106-118
696,GSW,2025-01-07,,MIA,L 98-114
697,NOP,2025-01-07,,MIN,L 97-104
698,UTA,2025-01-07,,ATL,L 121-124
699,WAS,2025-01-07,,HOU,L 112-135
700,CHI,2025-01-06,,SAS,W 114-110
701,DET,2025-01-06,,POR,W 118-115
702,MEM,2025-01-06,,DAL,W 119-104
703,MIN,2025-01-06,,LAC,W 108-106
704,BRK,2025-01-06,,IND,L 99-113
705,NYK,2025-01-06,,ORL,L 94-103
706,PHI,2025-01-06,,PHO,L 99-109
707,SAC,2025-01-06,,MIA,W 123-118 (2OT)
708,TOR,2025-01-06,,MIL,L 104-128
709,CLE,2025-01-05,,CHO,W 115-105
710,GSW,2025-01-05,,SAC,L 99-129
711,HOU,2025-01-05,,LAL,W 119-115
712,OKC,2025-01-05,,BOS,W 105-92
713,ORL,2025-01-05,,UTA,L 92-105
714,WAS,2025-01-05,,NOP,L 98-110
715,CHI,2025-01-04,,NYK,W 139-126
716,DET,2025-01-04,,MIN,W 119-105
717,GSW,2025-01-04,,MEM,W 121-113
718,IND,2025-01-04,,PHO,W 126-108
719,LAC,2025-01-04,,ATL,W 131-105
720,MIA,2025-01-04,,UTA,L 100-136
721,MIL,2025-01-04,,POR,L 102-105
722,BRK,2025-01-04,,PHI,L 94-123
723,SAS,2025-01-04,,DEN,L 111-122 (OT)
724,DAL,2025-01-03,,CLE,L 122-134
725,DEN,2025-01-03,,SAS,L 110-113
726,DET,2025-01-03,,CHO,W 98-94
727,HOU,2025-01-03,,BOS,L 86-109
728,LAL,2025-01-03,,ATL,W 119-102
729,NOP,2025-01-03,,WAS,W 132-120
730,OKC,2025-01-03,,NYK,W 117-107
731,SAC,2025-01-03,,MEM,W 138-133
732,TOR,2025-01-03,,ORL,L 97-106
733,GSW,2025-01-02,,PHI,W 139-105
734,LAL,2025-01-02,,POR,W 114-106
735,MIA,2025-01-02,,IND,L 115-128
736,MIL,2025-01-02,,BRK,L 110-113
737,MIN,2025-01-02,,BOS,L 115-118
738,OKC,2025-01-02,,LAC,W 116-98
739,DEN,2025-01-01,,ATL,W 139-120
740,DET,2025-01-01,,ORL,W 105-96
741,HOU,2025-01-01,,DAL,W 110-99
742,MIA,2025-01-01,,NOP,W 119-108
743,NYK,2025-01-01,,UTA,W 119-103
744,SAC,2025-01-01,,PHI,W 113-107
745,TOR,2025-01-01,,BRK,W 130-113
746,WAS,2025-01-01,,CHI,W 125-107
747,BOS,2024-12-31,,TOR,W 125-71
748,IND,2024-12-31,,MIL,L 112-120
749,LAL,2024-12-31,,CLE,L 110-122
750,OKC,2024-12-31,,MIN,W 113-105
751,PHO,2024-12-31,,MEM,L 112-117
752,SAS,2024-12-31,,LAC,W 122-86
753,CHO,2024-12-30,,CHI,L 108-115 (OT)
754,GSW,2024-12-30,,CLE,L 95-113
755,NOP,2024-12-30,,LAC,L 113-116
756,POR,2024-12-30,,PHI,L 103-125
757,SAC,2024-12-30,,DAL,W 110-100
758,UTA,2024-12-30,,DEN,L 121-132
759,WAS,2024-12-30,,NYK,L 106-126
760,BOS,2024-12-29,,IND,L 114-123
761,HOU,2024-12-29,,MIA,L 100-104
762,MIN,2024-12-29,,SAS,W 112-110
763,OKC,2024-12-29,,MEM,W 130-106
764,ORL,2024-12-29,,BRK,W 102-101
765,TOR,2024-12-29,,ATL,L 107-136
766,ATL,2024-12-28,,MIA,W 120-110
767,CHO,2024-12-28,,OKC,L 94-106
768,CHI,2024-12-28,,MIL,W 116-111
769,DEN,2024-12-28,,DET,W 134-121
770,GSW,2024-12-28,,PHO,W 109-105
771,LAL,2024-12-28,,SAC,W 132-122
772,POR,2024-12-28,,DAL,W 126-122
773,UTA,2024-12-28,,PHI,L 111-114
774,WAS,2024-12-28,,NYK,L 132-136 (OT)
775,BOS,2024-12-27,,IND,W 142-105
776,DEN,2024-12-27,,CLE,L 135-149
777,HOU,2024-12-27,,MIN,L 112-113
778,LAC,2024-12-27,,GSW,W 102-92
779,BRK,2024-12-27,,SAS,L 87-96
780,NOP,2024-12-27,,MEM,L 124-132
781,ORL,2024-12-27,,NYK,L 85-108
782,PHO,2024-12-27,,DAL,L 89-98
783,ATL,2024-12-26,,CHI,W 141-133
784,IND,2024-12-26,,OKC,L 114-120
785,MEM,2024-12-26,,TOR,W 155-126
786,MIL,2024-12-26,,BRK,L 105-111
787,NOP,2024-12-26,,HOU,L 111-128
788,ORL,2024-12-26,,MIA,L 88-89
789,POR,2024-12-26,,UTA,W 122-120
790,SAC,2024-12-26,,DET,L 113-114
791,WAS,2024-12-26,,CHO,W 113-110
792,BOS,2024-12-25,,PHI,L 114-118
793,DAL,2024-12-25,,MIN,L 99-105
794,GSW,2024-12-25,,LAL,L 113-115
795,NYK,2024-12-25,,SAS,W 117-114
796,PHO,2024-12-25,,DEN,W 110-100
797,ATL,2024-12-23,,MIN,W 117-104
798,CHO,2024-12-23,,HOU,L 101-114
799,CHI,2024-12-23,,MIL,L 91-112
800,CLE,2024-12-23,,UTA,W 124-113
801,DAL,2024-12-23,,POR,W 132-108
802,DEN,2024-12-23,,PHO,W 117-90
803,GSW,2024-12-23,,IND,L 105-111
804,LAL,2024-12-23,,DET,L 114-117
805,MEM,2024-12-23,,LAC,L 110-114
806,MIA,2024-12-23,,BRK,W 110-95
807,NYK,2024-12-23,,TOR,W 139-125
808,OKC,2024-12-23,,WAS,W 123-105
809,ORL,2024-12-23,,BOS,W 108-104
810,PHI,2024-12-23,,SAS,W 111-106
811,NOP,2024-12-22,,DEN,L 129-132 (OT)
812,SAC,2024-12-22,,IND,L 95-122
813,TOR,2024-12-22,,HOU,L 110-114
814,ATL,2024-12-21,,MEM,L 112-128
815,CHI,2024-12-21,,BOS,L 98-123
816,CLE,2024-12-21,,PHI,W 126-99
817,DAL,2024-12-21,,LAC,W 113-97
818,MIL,2024-12-21,,WAS,W 112-101
819,MIN,2024-12-21,,GSW,L 103-113
820,BRK,2024-12-21,,UTA,L 94-105
821,NOP,2024-12-21,,NYK,L 93-104
822,ORL,2024-12-21,,MIA,W 121-114
823,PHO,2024-12-21,,DET,L 125-133
824,SAC,2024-12-21,,LAL,L 99-103
825,SAS,2024-12-21,,POR,W 114-94
826,CLE,2024-12-20,,MIL,W 124-101
827,MIA,2024-12-20,,OKC,L 97-104
828,PHI,2024-12-20,,CHO,W 108-98
829,BOS,2024-12-19,,CHI,L 108-117
830,DAL,2024-12-19,,LAC,L 95-118
831,DET,2024-12-19,,UTA,L 119-126
832,HOU,2024-12-19,,NOP,W 133-113
833,MEM,2024-12-19,,GSW,W 144-93
834,MIN,2024-12-19,,NYK,L 107-133
835,ORL,2024-12-19,,OKC,L 99-105
836,PHO,2024-12-19,,IND,L 111-120
837,POR,2024-12-19,,DEN,W 126-124
838,SAC,2024-12-19,,LAL,L 100-113
839,SAS,2024-12-19,,ATL,W 133-126 (OT)
840,TOR,2024-12-19,,BRK,L 94-101
841,WAS,2024-12-19,,CHO,W 123-114
842,CHO,2024-12-16,,PHI,L 108-121
843,DET,2024-12-16,,MIA,W 125-124 (OT)
844,LAC,2024-12-16,,UTA,W 144-107
845,BRK,2024-12-16,,CLE,L 101-130
846,SAC,2024-12-16,,DEN,L 129-130
847,TOR,2024-12-16,,CHI,L 121-122
848,GSW,2024-12-15,,DAL,L 133-143
849,IND,2024-12-15,,NOP,W 119-104
850,LAL,2024-12-15,,MEM,W 116-110
851,ORL,2024-12-15,,NYK,L 91-100
852,PHO,2024-12-15,,POR,W 116-109
853,SAS,2024-12-15,,MIN,L 92-106
854,WAS,2024-12-15,,BOS,L 98-112
855,MIL,2024-12-14,,ATL,W 110-102
856,OKC,2024-12-14,,HOU,W 111-96
857,CHI,2024-12-13,,CHO,W 109-95
858,CLE,2024-12-13,,WAS,W 115-105
859,DEN,2024-12-13,,LAC,W 120-98
860,MEM,2024-12-13,,BRK,W 135-119
861,MIN,2024-12-13,,LAL,W 97-87
862,PHI,2024-12-13,,IND,L 107-121
863,POR,2024-12-13,,SAS,L 116-118
864,UTA,2024-12-13,,PHO,L 126-134
865,BOS,2024-12-12,,DET,W 123-99
866,MIA,2024-12-12,,TOR,W 114-104
867,NOP,2024-12-12,,SAC,L 109-111
868,HOU,2024-12-11,,GSW,W 91-90
869,NYK,2024-12-11,,ATL,L 100-108
870,MIL,2024-12-10,,ORL,W 114-109
871,OKC,2024-12-10,,DAL,W 118-104
872,TOR,2024-12-09,,NYK,L 108-113
873,ATL,2024-12-08,,DEN,L 111-141
874,CHI,2024-12-08,,PHI,L 100-108
875,GSW,2024-12-08,,MIN,W 114-106
876,IND,2024-12-08,,CHO,L 109-113
877,LAC,2024-12-08,,HOU,L 106-117
878,LAL,2024-12-08,,POR,W 107-98
879,MIA,2024-12-08,,CLE,W 122-113
880,BRK,2024-12-08,,MIL,L 113-118
881,ORL,2024-12-08,,PHO,W 115-110
882,SAC,2024-12-08,,UTA,W 141-97
883,SAS,2024-12-08,,NOP,W 121-116
884,WAS,2024-12-08,,MEM,L 112-140
885,BOS,2024-12-07,,MEM,L 121-127
886,CHO,2024-12-07,,CLE,L 102-116
887,MIA,2024-12-07,,PHO,W 121-111
888,NOP,2024-12-07,,OKC,L 109-119
889,NYK,2024-12-07,,DET,L 111-120
890,TOR,2024-12-07,,DAL,L 118-125
891,WAS,2024-12-07,,DEN,W 122-113
892,ATL,2024-12-06,,LAL,W 134-132 (OT)
893,BOS,2024-12-06,,MIL,W 111-105
894,CHI,2024-12-06,,IND,L 123-132
895,GSW,2024-12-06,,MIN,L 90-107
896,PHI,2024-12-06,,ORL,W 102-94
897,POR,2024-12-06,,UTA,L 99-141
898,SAS,2024-12-06,,SAC,L 113-140
899,CLE,2024-12-05,,DEN,W 126-114
900,GSW,2024-12-05,,HOU,W 99-93
901,MEM,2024-12-05,,SAC,W 115-110
902,NOP,2024-12-05,,PHO,W 126-124
903,NYK,2024-12-05,,CHO,W 125-101
904,SAS,2024-12-05,,CHI,L 124-139
905,TOR,2024-12-05,,OKC,L 92-129
906,WAS,2024-12-05,,DAL,L 101-137
907,BOS,2024-12-04,,DET,W 130-120
908,LAC,2024-12-04,,MIN,L 80-108
909,MIA,2024-12-04,,LAL,W 134-93
910,MIL,2024-12-04,,ATL,L 104-119
911,BRK,2024-12-04,,IND,W 99-90
912,PHI,2024-12-04,,ORL,L 102-106
913,CHO,2024-12-03,,PHI,L 104-110
914,CLE,2024-12-03,,WAS,W 118-87
915,DAL,2024-12-03,,MEM,W 121-116
916,DEN,2024-12-03,,GSW,W 119-115
917,DET,2024-12-03,,MIL,L 107-128
918,LAC,2024-12-03,,POR,W 127-105
919,NYK,2024-12-03,,ORL,W 121-106
920,OKC,2024-12-03,,UTA,W 133-106
921,PHO,2024-12-03,,SAS,W 104-93
922,SAC,2024-12-03,,HOU,W 120-111
923,TOR,2024-12-03,,IND,W 122-111
924,ATL,2024-12-02,,NOP,W 124-112
925,BOS,2024-12-02,,MIA,W 108-89
926,CHI,2024-12-02,,BRK,W 128-102
927,MIN,2024-12-02,,LAL,W 109-80
928,CLE,2024-12-01,,BOS,W 115-111
929,HOU,2024-12-01,,OKC,W 119-116
930,LAC,2024-12-01,,DEN,W 126-122
931,MEM,2024-12-01,,IND,W 136-121
932,BRK,2024-12-01,,ORL,L 92-100
933,NYK,2024-12-01,,NOP,W 118-85
934,POR,2024-12-01,,DAL,L 131-137
935,SAC,2024-12-01,,SAS,L 125-127
936,TOR,2024-12-01,,MIA,W 119-116
937,UTA,2024-12-01,,LAL,L 104-105
938,CHO,2024-11-30,,ATL,L 104-107
939,DET,2024-11-30,,PHI,L 96-111
940,MIL,2024-11-30,,WAS,W 124-114
941,PHO,2024-11-30,,GSW,W 113-105
942,UTA,2024-11-30,,DAL,L 94-106
943,ATL,2024-11-29,,CLE,W 117-101
944,CHO,2024-11-29,,NYK,L 98-99
945,CHI,2024-11-29,,BOS,L 129-138
946,IND,2024-11-29,,DET,L 106-130
947,LAL,2024-11-29,,OKC,L 93-101
948,MEM,2024-11-29,,NOP,W 120-109
949,MIA,2024-11-29,,TOR,W 121-111
950,MIN,2024-11-29,,LAC,W 93-92
951,BRK,2024-11-29,,ORL,L 100-123
952,POR,2024-11-29,,SAC,W 115-106
953,CHO,2024-11-27,,MIA,L 94-98
954,CLE,2024-11-27,,ATL,L 124-135
955,DAL,2024-11-27,,NYK,W 129-114
956,GSW,2024-11-27,,OKC,L 101-105
957,IND,2024-11-27,,POR,W 121-114
958,MEM,2024-11-27,,DET,W 131-111
959,MIN,2024-11-27,,SAC,L 104-115
960,NOP,2024-11-27,,TOR,L 93-119
961,ORL,2024-11-27,,CHI,W 133-119
962,PHI,2024-11-27,,HOU,L 115-122 (OT)
963,PHO,2024-11-27,,BRK,L 117-127
964,SAS,2024-11-27,,LAL,L 101-119
965,UTA,2024-11-27,,DEN,L 103-122
966,WAS,2024-11-27,,LAC,L 96-121
967,MIA,2024-11-26,,MIL,L 103-106
968,MIN,2024-11-26,,HOU,L 111-117 (OT)
969,PHO,2024-11-26,,LAL,W 127-100
970,UTA,2024-11-26,,SAS,L 115-128
971,WAS,2024-11-26,,CHI,L 108-127
972,ATL,2024-11-25,,DAL,L 119-129
973,BOS,2024-11-25,,LAC,W 126-94
974,CHO,2024-11-25,,ORL,L 84-95
975,DEN,2024-11-25,,NYK,L 118-145
976,DET,2024-11-25,,TOR,W 102-100
977,GSW,2024-11-25,,BRK,L 120-128
978,IND,2024-11-25,,NOP,W 114-110
979,MEM,2024-11-25,,POR,W 123-98
980,SAC,2024-11-25,,OKC,L 109-130
981,BOS,2024-11-24,,MIN,W 107-105
982,CLE,2024-11-24,,TOR,W 122-108
983,IND,2024-11-24,,WAS,W 115-103
984,MIA,2024-11-24,,DAL,W 123-118 (OT)
985,PHI,2024-11-24,,LAC,L 99-125
986,SAC,2024-11-24,,BRK,L 103-108
987,CHI,2024-11-23,,MEM,L 131-142
988,HOU,2024-11-23,,POR,L 98-104
989,LAL,2024-11-23,,DEN,L 102-127
990,MIL,2024-11-23,,CHO,W 125-119
991,ORL,2024-11-23,,DET,W 111-100
992,SAS,2024-11-23,,GSW,W 104-94
993,UTA,2024-11-23,,NYK,W 121-106
994,CHI,2024-11-22,,ATL,W 136-122
995,DEN,2024-11-22,,DAL,L 120-123
996,HOU,2024-11-22,,POR,W 116-88
997,LAC,2024-11-22,,SAC,W 104-88
998,MIL,2024-11-22,,IND,W 129-117
999,NOP,2024-11-22,,GSW,L 108-112
1000,PHI,2024-11-22,,BRK,W 113-98
1001,WAS,2024-11-22,,BOS,L 96-108
1002,CHO,2024-11-21,,DET,W 123-121 (OT)
1003,LAL,2024-11-21,,ORL,L 118-119
1004,SAS,2024-11-21,,UTA,W 126-118
1005,TOR,2024-11-21,,MIN,W 110-105
1006,CLE,2024-11-20,,NOP,W 128-100
1007,GSW,2024-11-20,,ATL,W 120-97
1008,HOU,2024-11-20,,IND,W 130-113
1009,LAC,2024-11-20,,ORL,W 104-93
1010,MEM,2024-11-20,,PHI,W 117-111
1011,MIL,2024-11-20,,CHI,W 122-106
1012,OKC,2024-11-20,,POR,W 109-99
1013,PHO,2024-11-20,,NYK,L 122-138
1014,BOS,2024-11-19,,CLE,W 120-117
1015,DAL,2024-11-19,,NOP,W 132-91
1016,LAL,2024-11-19,,UTA,W 124-118
1017,MEM,2024-11-19,,DEN,L 110-122
1018,BRK,2024-11-19,,CHO,W 116-115
1019,SAS,2024-11-19,,OKC,W 110-104
1020,DET,2024-11-18,,CHI,L 112-122
1021,LAC,2024-11-18,,GSW,W 102-99
1022,MIA,2024-11-18,,PHI,W 106-89
1023,MIL,2024-11-18,,HOU,W 101-100
1024,NYK,2024-11-18,,WAS,W 134-106
1025,PHO,2024-11-18,,ORL,L 99-109
1026,SAC,2024-11-18,,ATL,L 108-109
1027,TOR,2024-11-18,,IND,W 130-119
1028,CHI,2024-11-17,,HOU,L 107-143
1029,CLE,2024-11-17,,CHO,W 128-114
1030,IND,2024-11-17,,MIA,W 119-110
1031,LAC,2024-11-17,,UTA,W 116-105
1032,MEM,2024-11-17,,DEN,W 105-90
1033,MIN,2024-11-17,,PHO,W 120-117
1034,NYK,2024-11-17,,BRK,W 114-104
1035,OKC,2024-11-17,,DAL,L 119-121
1036,POR,2024-11-17,,ATL,W 114-110
1037,WAS,2024-11-17,,DET,L 104-124
1038,BOS,2024-11-16,,TOR,W 126-123 (OT)
1039,CHO,2024-11-16,,MIL,W 115-114
1040,DAL,2024-11-16,,SAS,W 110-93
1041,NOP,2024-11-16,,LAL,L 99-104
1042,SAC,2024-11-16,,UTA,W 121-117
1043,ATL,2024-11-15,,WAS,W 129-117
1044,CLE,2024-11-15,,CHI,W 144-126
1045,GSW,2024-11-15,,MEM,W 123-118
1046,HOU,2024-11-15,,LAC,W 125-104
1047,IND,2024-11-15,,MIA,L 111-124
1048,NOP,2024-11-15,,DEN,W 101-94
1049,NYK,2024-11-15,,BRK,W 124-122
1050,OKC,2024-11-15,,PHO,W 99-83
1051,ORL,2024-11-15,,PHI,W 98-86
1052,SAC,2024-11-15,,MIN,L 126-130 (OT)
1053,SAS,2024-11-15,,LAL,L 115-120
1054,TOR,2024-11-15,,DET,L 95-99
1055,UTA,2024-11-14,,DAL,W 115-113
1056,HOU,2024-11-13,,LAC,W 111-103
1057,LAL,2024-11-13,,MEM,W 128-123
1058,MIL,2024-11-13,,DET,W 127-120 (OT)
1059,BRK,2024-11-13,,BOS,L 114-139
1060,NYK,2024-11-13,,CHI,L 123-124
1061,OKC,2024-11-13,,NOP,W 106-88
1062,ORL,2024-11-13,,IND,W 94-90
1063,PHI,2024-11-13,,CLE,L 106-114
1064,POR,2024-11-13,,MIN,W 106-98
1065,SAC,2024-11-13,,PHO,W 127-104
1066,SAS,2024-11-13,,WAS,W 139-130
1067,BOS,2024-11-12,,ATL,L 116-117
1068,DET,2024-11-12,,MIA,W 123-121 (OT)
1069,GSW,2024-11-12,,DAL,W 120-117
1070,MIL,2024-11-12,,TOR,W 99-85
1071,ORL,2024-11-12,,CHO,W 114-89
1072,PHI,2024-11-12,,NYK,L 99-111
1073,POR,2024-11-12,,MIN,W 122-108
1074,UTA,2024-11-12,,PHO,L 112-120
1075,CHI,2024-11-11,,CLE,L 113-119
1076,HOU,2024-11-11,,WAS,W 107-92
1077,NOP,2024-11-11,,BRK,L 105-107
1078,OKC,2024-11-11,,LAC,W 134-128
1079,SAS,2024-11-11,,SAC,W 116-96
1080,DEN,2024-11-10,,DAL,W 122-120
1081,DET,2024-11-10,,HOU,L 99-101
1082,IND,2024-11-10,,NYK,W 132-121
1083,LAL,2024-11-10,,TOR,W 123-103
1084,MIL,2024-11-10,,BOS,L 107-113
1085,MIN,2024-11-10,,MIA,L 94-95
1086,OKC,2024-11-10,,GSW,L 116-127
1087,ORL,2024-11-10,,WAS,W 121-94
1088,PHI,2024-11-10,,CHO,W 107-105 (OT)
1089,PHO,2024-11-10,,SAC,L 118-127 (OT)
1090,POR,2024-11-10,,MEM,L 89-134
1091,ATL,2024-11-09,,CHI,L 113-125
1092,CLE,2024-11-09,,BRK,W 105-100
1093,LAC,2024-11-09,,TOR,W 105-103
1094,SAS,2024-11-09,,UTA,L 110-111
1095,BOS,2024-11-08,,BRK,W 108-104 (OT)
1096,CHO,2024-11-08,,IND,W 103-83
1097,CLE,2024-11-08,,GSW,W 136-117
1098,DAL,2024-11-08,,PHO,L 113-114
1099,DEN,2024-11-08,,MIA,W 135-122
1100,DET,2024-11-08,,ATL,W 122-121
1101,LAL,2024-11-08,,PHI,W 116-106
1102,MEM,2024-11-08,,WAS,W 128-104
1103,MIN,2024-11-08,,POR,W 127-102
1104,NYK,2024-11-08,,MIL,W 116-94
1105,OKC,2024-11-08,,HOU,W 126-107
1106,ORL,2024-11-08,,NOP,W 115-88
1107,SAC,2024-11-08,,LAC,L 98-107
1108,CHI,2024-11-07,,MIN,L 119-135
1109,MIL,2024-11-07,,UTA,W 123-100
1110,SAS,2024-11-07,,POR,W 118-105
1111,ATL,2024-11-06,,NYK,W 121-116
1112,BOS,2024-11-06,,GSW,L 112-118
1113,CHO,2024-11-06,,DET,W 108-107
1114,DAL,2024-11-06,,CHI,W 119-99
1115,DEN,2024-11-06,,OKC,W 124-122
1116,HOU,2024-11-06,,SAS,W 127-100
1117,IND,2024-11-06,,ORL,W 118-111
1118,LAC,2024-11-06,,PHI,W 110-98
1119,MEM,2024-11-06,,LAL,W 131-114
1120,NOP,2024-11-06,,CLE,L 122-131
1121,PHO,2024-11-06,,MIA,W 115-112
1122,SAC,2024-11-06,,TOR,W 122-107
1123,ATL,2024-11-04,,BOS,L 93-123
1124,CHI,2024-11-04,,UTA,L 126-135
1125,CLE,2024-11-04,,MIL,W 116-114
1126,DAL,2024-11-04,,IND,L 127-134
1127,DEN,2024-11-04,,TOR,W 121-119
1128,DET,2024-11-04,,LAL,W 115-103
1129,HOU,2024-11-04,,NYK,W 109-97
1130,LAC,2024-11-04,,SAS,W 113-104
1131,MIA,2024-11-04,,SAC,L 110-111
1132,MIN,2024-11-04,,CHO,W 114-93
1133,BRK,2024-11-04,,MEM,W 106-104
1134,NOP,2024-11-04,,POR,L 100-118
1135,OKC,2024-11-04,,ORL,W 102-86
1136,PHO,2024-11-04,,PHI,W 118-116
1137,WAS,2024-11-04,,GSW,L 112-125
1138,DAL,2024-11-03,,ORL,W 108-85
1139,BRK,2024-11-03,,DET,L 92-106
1140,NOP,2024-11-03,,ATL,L 111-126
1141,CHO,2024-11-02,,BOS,L 103-113
1142,DEN,2024-11-02,,UTA,W 129-103
1143,HOU,2024-11-02,,GSW,L 121-127 (OT)
1144,LAC,2024-11-02,,OKC,L 92-105
1145,MIL,2024-11-02,,CLE,L 113-114
1146,PHI,2024-11-02,,MEM,L 107-124
1147,PHO,2024-11-02,,POR,W 103-97
1148,SAS,2024-11-02,,MIN,W 113-103
1149,TOR,2024-11-02,,SAC,W 131-128 (OT)
1150,WAS,2024-11-02,,MIA,L 98-118
1151,ATL,2024-11-01,,SAC,L 115-123
1152,CHO,2024-11-01,,BOS,L 109-124
1153,CLE,2024-11-01,,ORL,W 120-109
1154,DET,2024-11-01,,NYK,L 98-128
1155,MIN,2024-11-01,,DEN,W 119-116
1156,BRK,2024-11-01,,CHI,W 120-112
1157,NOP,2024-11-01,,IND,W 125-118
1158,POR,2024-11-01,,OKC,L 114-137
1159,TOR,2024-11-01,,LAL,L 125-131
1160,DAL,2024-10-31,,HOU,L 102-108
1161,LAC,2024-10-31,,PHO,L 119-125
1162,MEM,2024-10-31,,MIL,W 122-99
1163,UTA,2024-10-31,,SAS,L 88-106
1164,CHO,2024-10-30,,TOR,W 138-133
1165,CHI,2024-10-30,,ORL,W 102-99
1166,CLE,2024-10-30,,LAL,W 134-110
1167,GSW,2024-10-30,,NOP,W 104-89
1168,IND,2024-10-30,,BOS,W 135-132 (OT)
1169,LAC,2024-10-30,,POR,L 105-106
1170,MEM,2024-10-30,,BRK,L 106-119
1171,MIA,2024-10-30,,NYK,L 107-116
1172,OKC,2024-10-30,,SAS,W 105-93
1173,PHI,2024-10-30,,DET,L 95-105
1174,WAS,2024-10-30,,ATL,W 133-120
1175,GSW,2024-10-29,,NOP,W 124-106
1176,MIN,2024-10-29,,DAL,L 114-120
1177,BRK,2024-10-29,,DEN,L 139-144 (OT)
1178,UTA,2024-10-29,,SAC,L 96-113
1179,ATL,2024-10-28,,WAS,L 119-121
1180,BOS,2024-10-28,,MIL,W 119-108
1181,DAL,2024-10-28,,UTA,W 110-102
1182,MEM,2024-10-28,,CHI,L 123-126
1183,MIA,2024-10-28,,DET,W 106-98
1184,NYK,2024-10-28,,CLE,L 104-110
1185,ORL,2024-10-28,,IND,W 119-115
1186,PHO,2024-10-28,,LAL,W 109-105
1187,SAC,2024-10-28,,POR,W 111-98
1188,SAS,2024-10-28,,HOU,L 101-106
1189,TOR,2024-10-28,,DEN,L 125-127 (OT)
1190,GSW,2024-10-27,,LAC,L 104-112
1191,IND,2024-10-27,,PHI,L 114-118 (OT)
1192,BRK,2024-10-27,,MIL,W 115-102
1193,OKC,2024-10-27,,ATL,W 128-104
1194,POR,2024-10-27,,NOP,W 125-103
1195,CHO,2024-10-26,,MIA,L 106-114
1196,CHI,2024-10-26,,OKC,L 95-114
1197,DEN,2024-10-26,,LAC,L 104-109
1198,DET,2024-10-26,,BOS,L 118-124
1199,LAL,2024-10-26,,SAC,W 131-127
1200,MEM,2024-10-26,,ORL,W 124-111
1201,MIN,2024-10-26,,TOR,W 112-101
1202,PHO,2024-10-26,,DAL,W 114-102
1203,SAS,2024-10-26,,HOU,W 109-106
1204,WAS,2024-10-26,,CLE,L 116-135
1205,ATL,2024-10-25,,CHO,W 125-120
1206,CLE,2024-10-25,,DET,W 113-101
1207,HOU,2024-10-25,,MEM,W 128-108
1208,LAL,2024-10-25,,PHO,W 123-116
1209,MIL,2024-10-25,,CHI,L 122-133
1210,NYK,2024-10-25,,IND,W 123-98
1211,ORL,2024-10-25,,BRK,W 116-101
1212,POR,2024-10-25,,NOP,L 103-105
1213,TOR,2024-10-25,,PHI,W 115-107
1214,UTA,2024-10-25,,GSW,L 86-127
1215,DAL,2024-10-24,,SAS,W 120-109
1216,DEN,2024-10-24,,OKC,L 87-102
1217,SAC,2024-10-24,,MIN,L 115-117
1218,WAS,2024-10-24,,BOS,L 102-122
1219,ATL,2024-10-23,,BRK,W 120-116
1220,DET,2024-10-23,,IND,L 109-115
1221,HOU,2024-10-23,,CHO,L 105-110
1222,LAC,2024-10-23,,PHO,L 113-116 (OT)
1223,MIA,2024-10-23,,ORL,L 97-116
1224,NOP,2024-10-23,,CHI,W 123-111
1225,PHI,2024-10-23,,MIL,L 109-124
1226,POR,2024-10-23,,GSW,L 104-140
1227,TOR,2024-10-23,,CLE,L 106-136
1228,UTA,2024-10-23,,MEM,L 124-126
1229,BOS,2024-10-22,,NYK,W 132-109
1230,LAL,2024-10-22,,MIN,W 110-103
