Rk,Player,MP,Season,Age,Team,G,GS,AS,MP,FG,FGA,2P,2PA,3P,3PA,FT,FTA,ORB,DRB,TRB,AST,STL,BLK,TOV,PF,PTS,FG%,2P%,3P%,FT%,TS%,eFG%,Pos,PlayerID
1,Jahlil Okafor,3,2024-25,29,IND,1,0,0,3.0,0.0,0.0,0.0,0.0,0.0,0.0,0.0,0.0,0.0,1.0,1.0,1.0,0.0,0.0,0.0,0.0,0.0,,,,,,,C-F,okafoja01
2,Zyon Pullin,3,2024-25,23,MEM,3,0,0,1.0,0.0,0.3,0.0,0.3,0.0,0.0,0.0,0.0,0.0,0.0,0.0,0.0,0.0,0.0,0.0,0.0,0.0,.000,.000,,,.000,.000,G,pullizy01
3,Alondes Williams,4,2024-25,25,DET,1,0,0,4.0,2.0,2.0,1.0,1.0,1.0,1.0,0.0,0.0,0.0,0.0,0.0,1.0,0.0,0.0,0.0,0.0,5.0,1.000,1.000,1.000,,1.250,1.250,G,willial06
4,Jesse Edwards,5,2024-25,24,MIN,2,0,0,2.5,0.0,0.0,0.0,0.0,0.0,0.0,0.0,0.0,0.0,0.0,0.0,0.5,0.0,0.0,0.0,1.0,0.0,,,,,,,C,edwarje01
5,James Wiseman,5,2024-25,23,IND,1,0,0,5.0,2.0,4.0,2.0,3.0,0.0,1.0,2.0,2.0,0.0,1.0,1.0,0.0,0.0,0.0,0.0,0.0,6.0,.500,.667,.000,1.000,.615,.500,C,wisemja01
6,Isaiah Stevens,6,2024-25,24,MIA,3,0,0,2.0,0.0,0.7,0.0,0.3,0.0,0.3,0.0,0.0,0.0,0.7,0.7,0.0,0.3,0.0,0.0,0.0,0.0,.000,.000,.000,,.000,.000,G,steveis01
7,Terry Taylor,6,2024-25,25,SAC,3,0,0,2.0,0.0,0.3,0.0,0.3,0.0,0.0,0.0,0.0,0.3,0.0,0.3,0.7,0.0,0.0,0.0,0.0,0.0,.000,.000,,,.000,.000,G-F,taylote01
8,Jalen McDaniels,7,2024-25,27,WAS,4,0,0,1.8,0.0,0.0,0.0,0.0,0.0,0.0,0.0,0.0,0.0,0.0,0.0,0.3,0.3,0.0,0.0,0.0,0.0,,,,,,,F,mcdanja01
9,Riley Minix,7,2024-25,24,SAS,1,0,0,7.0,0.0,1.0,0.0,0.0,0.0,1.0,0.0,0.0,0.0,2.0,2.0,0.0,0.0,0.0,0.0,0.0,0.0,.000,,.000,,.000,.000,G,minixri01
10,Terence Davis,8,2024-25,27,SAC,1,0,0,8.0,0.0,2.0,0.0,1.0,0.0,1.0,0.0,0.0,0.0,1.0,1.0,1.0,0.0,0.0,0.0,0.0,0.0,.000,.000,.000,,.000,.000,G,daviste02
11,Cui Yongxi,10,2024-25,21,BRK,5,0,0,2.0,0.2,1.4,0.2,0.8,0.0,0.6,0.2,0.4,0.0,0.4,0.4,0.0,0.0,0.0,0.0,0.0,0.6,.143,.250,.000,.500,.190,.143,G,cuiyo01
12,Mac McClung,10,2024-25,26,ORL,2,0,0,5.0,0.0,1.0,0.0,0.5,0.0,0.5,0.0,0.0,0.0,0.5,0.5,1.5,0.0,0.0,0.0,1.0,0.0,.000,.000,.000,,.000,.000,G,mccluma01
13,Quincy Olivari,10,2024-25,23,LAL,2,0,0,5.0,0.5,2.5,0.0,0.0,0.5,2.5,0.0,0.0,0.0,0.0,0.0,0.5,0.0,0.0,0.5,0.0,1.5,.200,,.200,,.300,.300,G,olivaqu01
14,Braxton Key,11,2024-25,27,GSW,3,0,0,3.7,0.0,1.3,0.0,1.0,0.0,0.3,1.0,2.0,0.3,0.3,0.7,0.0,0.7,0.0,0.3,0.0,1.0,.000,.000,.000,.500,.226,.000,F,keybr01
15,Skal Labissière,12,2024-25,28,SAC,4,0,0,3.0,0.5,1.0,0.3,0.8,0.3,0.3,0.0,0.0,0.3,0.5,0.8,0.3,0.0,0.0,0.0,0.3,1.3,.500,.333,1.000,,.625,.625,F,labissk01
16,Daishen Nix,13,2024-25,22,MIN,3,0,0,4.3,0.0,0.3,0.0,0.0,0.0,0.3,0.3,0.7,0.0,1.3,1.3,1.0,0.0,0.0,1.3,0.3,0.3,.000,,.000,.500,.266,.000,G,nixda01
17,Yuri Collins,16,2024-25,23,GSW,2,0,0,8.0,0.5,1.5,0.5,1.5,0.0,0.0,0.0,0.0,1.0,0.5,1.5,2.0,1.0,0.0,0.0,2.5,1.0,.333,.333,,,.333,.333,G,colliyu01
18,Tristen Newton,16,2024-25,23,INDMIN,8,0,0,2.0,0.1,1.0,0.1,0.6,0.0,0.4,0.1,0.1,0.3,0.3,0.5,0.3,0.1,0.0,0.3,0.5,0.4,.125,.200,.000,1.000,.178,.125,G,newtotr01
19,Ron Harper Jr.,17,2024-25,24,DET,1,0,0,17.0,1.0,8.0,1.0,2.0,0.0,6.0,2.0,2.0,4.0,3.0,7.0,2.0,0.0,0.0,0.0,0.0,4.0,.125,.500,.000,1.000,.225,.125,G-F,harpero02
20,Isaiah Mobley,17,2024-25,25,PHI,1,0,0,17.0,2.0,7.0,1.0,4.0,1.0,3.0,1.0,2.0,1.0,3.0,4.0,5.0,1.0,1.0,0.0,3.0,6.0,.286,.250,.333,.500,.381,.357,F,mobleis01
21,Taze Moore,20,2024-25,26,POR,2,0,0,10.0,1.0,5.0,0.5,3.0,0.5,2.0,0.5,1.0,2.0,2.0,4.0,0.5,1.0,0.0,1.0,0.0,3.0,.200,.167,.250,.500,.276,.250,G,mooreta02
22,Malevy Leons,21,2024-25,25,OKC,6,0,0,3.5,0.0,0.3,0.0,0.2,0.0,0.2,0.3,0.7,0.2,0.3,0.5,0.2,0.0,0.0,0.2,0.7,0.3,.000,.000,.000,.500,.266,.000,F,leonsma01
23,Adama Sanogo,21,2024-25,22,CHI,4,0,0,5.3,1.0,1.8,1.0,1.8,0.0,0.0,0.0,0.0,1.3,0.3,1.5,0.3,0.0,0.0,0.3,0.3,2.0,.571,.571,,,.571,.571,F,sanogad01
24,Tolu Smith,22,2024-25,24,DET,1,0,0,22.0,6.0,9.0,6.0,9.0,0.0,0.0,2.0,3.0,4.0,4.0,8.0,0.0,0.0,0.0,2.0,3.0,14.0,.667,.667,,.667,.678,.667,F,smithto05
25,Anton Watson,22,2024-25,24,NYK,9,0,0,2.4,0.4,1.0,0.4,0.9,0.0,0.1,0.0,0.0,0.1,0.2,0.3,0.2,0.1,0.0,0.2,0.3,0.9,.444,.500,.000,,.444,.444,F,watsoan02
26,Daniss Jenkins,23,2024-25,23,DET,7,0,0,3.3,0.4,1.4,0.3,0.4,0.1,1.0,0.0,0.3,0.0,0.3,0.3,0.4,0.0,0.0,0.1,0.3,1.0,.300,.667,.143,.000,.322,.350,G,jenkida01
27,Emanuel Miller,25,2024-25,24,CHI,6,0,0,4.2,0.7,1.3,0.7,1.2,0.0,0.2,0.3,0.3,0.7,0.7,1.3,0.3,0.2,0.0,0.0,0.5,1.7,.500,.571,.000,1.000,.563,.500,F,milleem01
28,Trentyn Flowers,27,2024-25,19,LAC,6,0,0,4.5,0.7,1.8,0.7,1.5,0.0,0.3,0.5,0.5,0.2,0.5,0.7,0.0,0.0,0.0,0.2,0.7,1.8,.364,.444,.000,1.000,.446,.364,G-F,flowetr01
29,Kevin McCullar Jr.,29,2024-25,23,NYK,4,0,0,7.3,0.5,1.8,0.5,1.5,0.0,0.3,0.5,0.5,0.0,2.0,2.0,0.5,0.3,0.3,0.0,1.5,1.5,.286,.333,.000,1.000,.381,.286,G,mcculke01
30,Jalen Bridges,30,2024-25,23,PHO,8,0,0,3.8,0.3,0.9,0.0,0.0,0.3,0.9,0.4,0.5,0.0,0.5,0.5,0.0,0.0,0.0,0.5,0.0,1.1,.286,,.286,.750,.514,.429,F,bridgja01
31,Jahmir Young,30,2024-25,24,CHI,6,0,0,5.0,0.7,0.8,0.5,0.5,0.2,0.3,0.3,0.3,0.2,0.3,0.5,1.0,0.0,0.0,0.2,0.3,1.8,.800,1.000,.500,1.000,.935,.900,G,youngja05
32,Ulrich Chomche,32,2024-25,19,TOR,7,0,0,4.6,0.3,0.7,0.3,0.7,0.0,0.0,0.1,0.3,0.6,0.6,1.1,0.3,0.0,0.1,0.3,0.7,0.7,.400,.400,,.500,.425,.400,F-C,chomcul01
33,Bryce McGowens,32,2024-25,22,POR,13,0,0,2.5,0.3,1.1,0.3,0.8,0.0,0.3,0.4,0.5,0.2,0.1,0.2,0.2,0.1,0.0,0.3,0.2,1.0,.286,.400,.000,.833,.391,.286,G-F,mcgowbr01
34,Leonard Miller,32,2024-25,21,MIN,13,0,0,2.5,0.5,1.2,0.5,0.8,0.0,0.4,0.6,0.6,0.2,0.6,0.8,0.0,0.2,0.1,0.2,0.2,1.5,.400,.600,.000,1.000,.540,.400,F,millele01
35,D.J. Carton,33,2024-25,24,TOR,4,0,0,8.3,0.3,1.8,0.3,1.0,0.0,0.8,0.3,0.3,0.0,1.0,1.0,0.8,0.5,0.0,1.0,0.3,0.8,.143,.250,.000,1.000,.202,.143,G,cartodj01
36,David Duke Jr.,34,2024-25,25,SAS,6,0,0,5.7,1.0,2.3,0.5,1.3,0.5,1.0,0.2,0.3,0.2,0.7,0.8,0.7,0.2,0.0,0.3,0.2,2.7,.429,.375,.500,.500,.538,.536,G,dukeda01
37,PJ Dozier,35,2024-25,28,MIN,9,0,0,3.9,0.2,0.3,0.0,0.0,0.2,0.3,0.1,0.7,0.1,0.4,0.6,0.6,0.1,0.0,0.1,0.3,0.8,.667,,.667,.167,.621,1.000,G,doziepj01
38,Harrison Ingram,35,2024-25,22,SAS,5,0,0,7.0,0.4,0.8,0.4,0.6,0.0,0.2,0.0,0.0,0.4,1.4,1.8,0.6,0.6,0.0,0.2,0.4,0.8,.500,.667,.000,,.500,.500,F,ingraha01
39,Miles Norris,35,2024-25,24,BOS,3,0,0,11.7,0.7,3.0,0.0,0.7,0.7,2.3,0.3,0.7,0.7,2.3,3.0,0.0,0.7,0.3,0.0,0.0,2.3,.222,.000,.286,.500,.354,.333,F,norrimi01
40,James Johnson,37,2024-25,37,IND,12,0,0,3.1,0.3,0.9,0.3,0.7,0.0,0.3,0.0,0.1,0.0,0.5,0.5,0.3,0.0,0.2,0.3,0.4,0.7,.364,.500,.000,.000,.350,.364,F,johnsja01
41,Bobi Klintman,42,2024-25,21,DET,8,0,0,5.3,0.8,1.3,0.5,0.6,0.3,0.6,0.1,0.3,0.1,0.8,0.9,0.9,0.3,0.1,0.1,1.0,1.9,.600,.800,.400,.500,.689,.700,F,klintbo01
42,Jack McVeigh,43,2024-25,28,HOU,9,0,0,4.8,0.6,1.9,0.1,0.4,0.4,1.4,0.0,0.0,0.2,0.3,0.6,0.1,0.0,0.2,0.2,0.3,1.6,.294,.250,.308,,.412,.412,F,mcveija01
43,Malachi Flynn,44,2024-25,26,CHO,4,0,0,11.0,1.3,3.3,1.0,2.3,0.3,1.0,1.3,1.5,0.8,1.0,1.8,1.8,0.8,0.0,1.0,1.0,4.0,.385,.444,.250,.833,.512,.423,G,flynnma01
44,Phillip Wheeler,44,2024-25,22,PHI,5,0,0,8.8,0.6,4.2,0.6,2.2,0.0,2.0,0.4,0.4,0.4,1.2,1.6,0.4,0.2,0.4,0.2,0.2,1.6,.143,.273,.000,1.000,.183,.143,F,wheelph02
45,Mason Jones,45,2024-25,26,SAC,10,0,0,4.5,0.9,1.8,0.8,1.0,0.1,0.8,0.4,0.5,0.2,0.7,0.9,1.1,0.0,0.1,0.1,0.3,2.3,.500,.800,.125,.800,.569,.528,G,jonesma05
46,Isaiah Crawford,46,2024-25,23,SAC,15,0,0,3.1,0.3,0.7,0.3,0.4,0.1,0.3,0.1,0.3,0.1,0.5,0.5,0.1,0.1,0.1,0.1,0.1,0.9,.455,.667,.200,.500,.509,.500,F,crawfis01
47,N'Faly Dante,51,2024-25,23,HOU,4,0,0,12.8,2.5,3.3,2.5,3.3,0.0,0.0,1.0,1.3,1.5,3.8,5.3,0.5,0.3,1.3,0.5,2.3,6.0,.769,.769,,.800,.789,.769,C,nfalyda01
48,Jackson Rowe,52,2024-25,28,GSW,6,0,0,8.7,1.3,2.8,0.8,1.2,0.5,1.7,0.5,1.0,0.5,1.3,1.8,0.7,0.7,0.0,0.2,0.7,3.7,.471,.714,.300,.500,.560,.559,F,roweja01
49,E.J. Liddell,53,2024-25,24,CHI,12,0,0,4.4,0.7,1.3,0.4,0.4,0.3,0.8,0.2,0.2,0.3,0.5,0.8,0.3,0.1,0.1,0.2,0.9,1.8,.533,1.000,.300,1.000,.661,.633,F,liddeej01
50,Jazian Gortman,57,2024-25,21,DAL,16,0,0,3.6,0.6,1.4,0.3,0.8,0.3,0.7,0.1,0.3,0.1,0.3,0.3,0.4,0.1,0.1,0.3,0.6,1.5,.391,.417,.364,.500,.485,.478,G,gortmja01
51,Liam Robbins,57,2024-25,25,MIL,13,0,0,4.4,0.2,0.6,0.2,0.5,0.0,0.2,0.4,0.8,0.5,0.4,0.9,0.2,0.2,0.2,0.5,0.7,0.7,.250,.333,.000,.500,.363,.250,F,robbili01
52,P.J. Tucker,58,2024-25,39,NYK,3,1,0,19.3,1.0,2.3,0.0,0.3,1.0,2.0,0.0,0.0,1.3,1.3,2.7,0.0,0.3,0.3,0.3,2.7,3.0,.429,.000,.500,,.643,.643,F,tuckepj01
53,Cam Christie,59,2024-25,19,LAC,13,0,0,4.5,0.5,1.8,0.4,0.8,0.2,1.0,0.2,0.3,0.2,0.7,0.9,0.5,0.4,0.1,0.2,0.3,1.4,.292,.455,.154,.500,.349,.333,G,chrisca02
54,Jamaree Bouyea,62,2024-25,25,MIL,5,1,0,12.4,1.2,2.4,1.0,1.4,0.2,1.0,0.8,1.2,0.2,0.8,1.0,2.0,0.8,0.4,1.6,0.4,3.4,.500,.714,.200,.667,.581,.542,G,bouyeja01
55,Nae'Qwan Tomlin,63,2024-25,24,CLE,5,1,0,12.6,2.6,6.4,2.2,4.4,0.4,2.0,1.6,2.2,1.8,2.4,4.2,0.4,0.0,0.2,0.4,1.8,7.2,.406,.500,.200,.727,.489,.438,F,tomlina01
56,PJ Hall,66,2024-25,22,DEN,19,0,0,3.5,0.7,1.3,0.6,0.8,0.1,0.4,0.2,0.2,0.3,0.8,1.2,0.2,0.0,0.2,0.1,0.6,1.7,.583,.750,.250,.750,.641,.625,F,hallpj01
57,Armel Traoré,67,2024-25,22,LAL,9,0,0,7.4,0.7,2.1,0.7,1.3,0.0,0.8,0.2,0.8,0.2,1.4,1.7,0.1,0.4,0.2,0.3,0.7,1.6,.316,.500,.000,.286,.317,.316,F,armeltr01
58,Matt Ryan,68,2024-25,27,NYK,19,0,0,3.6,0.5,1.6,0.2,0.6,0.3,1.0,0.1,0.1,0.0,0.4,0.4,0.2,0.1,0.0,0.2,0.1,1.5,.323,.333,.316,1.000,.439,.419,F,ryanma01
59,Josh Christopher,69,2024-25,23,MIA,14,0,0,4.9,0.8,2.2,0.6,1.4,0.1,0.8,0.3,0.4,0.0,0.6,0.6,0.6,0.4,0.2,0.4,0.1,2.0,.355,.450,.182,.667,.416,.387,G,chrisjo01
60,RayJ Dennis,70,2024-25,23,IND,11,0,0,6.4,1.0,3.0,0.5,1.1,0.5,1.9,0.2,0.2,0.2,0.9,1.1,1.3,0.6,0.2,0.5,0.6,2.7,.333,.417,.286,1.000,.443,.424,G,dennira01
61,Daeqwon Plowden,72,2024-25,26,ATL,6,0,0,12.0,2.7,4.2,1.2,1.3,1.5,2.8,0.3,0.3,0.7,1.2,1.8,0.3,0.0,0.0,0.7,1.7,7.2,.640,.875,.529,1.000,.831,.820,G,plowdda01
62,Chris Duarte,74,2024-25,27,CHI,17,0,0,4.4,0.7,1.5,0.4,0.6,0.4,0.9,0.4,0.5,0.3,0.9,1.2,0.5,0.0,0.0,0.1,0.4,2.1,.462,.545,.400,.750,.610,.577,G,duartch01
63,Emoni Bates,75,2024-25,21,CLE,10,0,0,7.5,1.3,3.8,0.2,0.8,1.1,3.0,0.0,0.0,0.0,0.7,0.7,0.8,0.1,0.1,0.2,0.4,3.7,.342,.250,.367,,.487,.487,G,batesem01
64,Taylor Hendricks,75,2024-25,21,UTA,3,3,0,25.0,1.3,6.0,0.3,2.0,1.0,4.0,1.0,1.3,1.7,3.3,5.0,0.7,1.7,1.3,0.7,2.7,4.7,.222,.167,.250,.750,.354,.306,F,hendrta01
65,Jacob Toppin,76,2024-25,24,ATLNYK,17,0,0,4.5,0.5,1.3,0.2,0.7,0.3,0.6,0.0,0.0,0.2,0.7,0.9,0.4,0.1,0.0,0.2,0.2,1.4,.409,.333,.500,,.523,.523,F,toppija01
66,Marcus Garrett,79,2024-25,26,CHO,4,0,0,19.8,2.8,6.8,2.0,4.8,0.8,2.0,0.8,1.0,0.3,1.3,1.5,3.3,0.8,0.5,1.5,2.5,7.0,.407,.421,.375,.750,.487,.463,G,garrema01
67,Isaiah Jackson,84,2024-25,23,IND,5,1,0,16.8,2.8,4.6,2.8,4.6,0.0,0.0,1.4,2.8,2.2,3.4,5.6,1.0,0.6,1.6,1.0,2.8,7.0,.609,.609,,.500,.600,.609,C-F,jacksis01
68,Kevin Knox,84,2024-25,25,GSW,14,0,0,6.0,1.3,2.6,1.0,1.5,0.3,1.1,0.4,0.6,0.5,0.7,1.2,0.4,0.1,0.3,0.3,0.4,3.3,.500,.667,.267,.750,.582,.556,F,knoxke01
69,Stanley Umude,86,2024-25,25,MIL,22,0,0,3.9,0.2,1.2,0.1,0.5,0.1,0.7,0.1,0.2,0.2,0.6,0.8,0.2,0.1,0.3,0.1,0.4,0.7,.192,.182,.200,.500,.270,.250,G,umudest01
70,Luke Travers,88,2024-25,23,CLE,12,0,0,7.3,0.4,1.7,0.4,0.9,0.0,0.8,0.2,0.2,0.7,1.0,1.7,0.7,0.1,0.1,0.7,0.5,1.0,.250,.455,.000,1.000,.287,.250,G,travelu01
71,JD Davison,93,2024-25,22,BOS,16,0,0,5.8,0.8,2.1,0.5,1.0,0.3,1.1,0.3,0.4,0.1,0.7,0.8,0.8,0.3,0.1,0.8,0.1,2.1,.353,.500,.222,.714,.445,.412,G,davisjd01
72,Yuki Kawamura,93,2024-25,23,MEM,22,0,0,4.2,0.5,1.4,0.2,0.3,0.3,1.0,0.3,0.4,0.0,0.5,0.5,0.9,0.1,0.0,0.2,0.4,1.6,.367,.571,.304,.778,.530,.483,G,kawamyu01
73,Keshad Johnson,98,2024-25,23,MIA,16,0,0,6.1,1.1,1.6,0.9,1.2,0.2,0.4,0.3,0.6,0.4,1.4,1.8,0.3,0.3,0.3,0.3,0.7,2.7,.692,.789,.429,.444,.718,.750,F,johnske10
74,Justin Minaya,101,2024-25,25,POR,19,0,0,5.3,0.4,1.1,0.3,0.6,0.1,0.5,0.0,0.1,0.3,0.3,0.5,0.4,0.3,0.1,0.3,0.6,0.9,.381,.545,.200,.000,.411,.429,F,minayju01
75,Jae Crowder,103,2024-25,34,SAC,9,2,0,11.4,0.8,2.4,0.3,0.8,0.4,1.7,0.6,0.7,0.7,1.6,2.2,0.7,0.3,0.0,0.4,1.1,2.6,.318,.429,.267,.833,.467,.409,F,crowdja01
76,Chris Livingston,106,2024-25,21,MIL,21,1,0,5.0,0.4,1.3,0.4,0.9,0.0,0.4,0.6,0.8,0.5,1.2,1.7,0.2,0.2,0.0,0.3,0.4,1.4,.333,.474,.000,.750,.441,.333,F,livinch01
77,Patrick Baldwin Jr.,107,2024-25,22,LACWAS,24,0,0,4.5,0.8,1.5,0.3,0.5,0.5,1.0,0.1,0.2,0.2,0.8,1.0,0.1,0.1,0.1,0.2,0.3,2.2,.543,.500,.565,.500,.721,.729,G-F,baldwpa01
78,Pacome Dadiet,111,2024-25,19,NYK,18,0,0,6.2,0.6,1.7,0.2,0.7,0.3,1.1,0.2,0.3,0.2,0.8,1.0,0.3,0.2,0.1,0.2,0.4,1.7,.323,.333,.316,.667,.446,.419,F,dadiepa01
79,Jaylen Sims,112,2024-25,26,CHO,6,0,0,18.7,2.0,4.7,1.0,2.2,1.0,2.5,2.0,2.5,0.5,0.5,1.0,2.0,0.5,0.2,1.3,1.7,7.0,.429,.462,.400,.800,.607,.536,G,simsja01
80,Tony Bradley,113,2024-25,27,IND,14,0,0,8.1,2.1,3.2,2.0,3.0,0.1,0.2,0.1,0.4,1.3,1.7,3.0,0.4,0.1,0.6,0.4,0.8,4.4,.644,.667,.333,.333,.640,.656,F-C,bradlto01
81,Sidy Cissoko,114,2024-25,20,PORSAS,22,0,0,5.2,0.6,1.4,0.5,0.8,0.1,0.6,0.1,0.4,0.4,0.6,1.0,0.7,0.1,0.0,0.5,0.5,1.5,.433,.588,.231,.333,.471,.483,G,cissosi01
82,Joe Ingles,114,2024-25,37,MIN,19,1,0,6.0,0.3,1.2,0.2,0.4,0.2,0.8,0.0,0.0,0.1,0.5,0.6,1.2,0.1,0.0,0.5,0.6,0.8,.261,.375,.200,,.326,.326,F-G,inglejo01
83,Trey Alexander,117,2024-25,21,DEN,24,0,0,4.9,0.5,1.7,0.4,1.0,0.1,0.7,0.1,0.2,0.0,0.5,0.5,0.5,0.1,0.0,0.2,0.4,1.3,.317,.417,.176,.750,.374,.354,G,alexatr01
84,TyTy Washington Jr.,118,2024-25,23,PHO,16,0,0,7.4,0.9,2.8,0.6,1.5,0.3,1.3,0.2,0.4,0.3,0.6,0.8,1.0,0.2,0.0,0.2,0.3,2.2,.311,.417,.190,.500,.367,.356,G,washity02
85,Moses Brown,119,2024-25,25,DALIND,13,2,0,9.2,2.6,3.8,2.6,3.8,0.0,0.0,0.6,0.8,0.9,2.5,3.4,0.2,0.5,0.3,0.8,1.3,5.8,.694,.694,,.727,.706,.694,C,brownmo01
86,De'Anthony Melton,121,2024-25,26,GSW,6,2,0,20.2,3.7,9.0,1.5,3.2,2.2,5.8,0.8,1.3,1.0,2.3,3.3,2.8,1.2,0.3,1.7,3.0,10.3,.407,.474,.371,.625,.539,.528,G,meltode01
87,Tyler Smith,122,2024-25,20,MIL,23,0,0,5.3,1.0,2.2,0.5,0.9,0.6,1.3,0.3,0.3,0.3,0.8,1.1,0.2,0.1,0.2,0.3,0.5,2.9,.480,.550,.433,.750,.626,.610,F,smithty02
88,Kobe Bufkin,124,2024-25,21,ATL,10,0,0,12.4,1.8,4.7,1.4,2.8,0.4,1.9,1.3,1.8,0.5,1.6,2.1,1.7,0.3,0.2,0.8,0.9,5.3,.383,.500,.211,.722,.483,.426,G,bufkiko01
89,Alex Ducas,125,2024-25,24,OKC,21,0,0,6.0,0.6,1.4,0.1,0.4,0.5,1.0,0.1,0.1,0.4,0.8,1.2,0.2,0.2,0.0,0.2,0.6,1.7,.400,.222,.476,1.000,.583,.567,G-F,ducasal01
90,Spencer Jones,125,2024-25,23,DEN,20,0,0,6.3,0.6,1.7,0.5,0.9,0.1,0.9,0.2,0.2,0.4,0.5,0.9,0.3,0.3,0.3,0.3,0.9,1.3,.324,.588,.059,1.000,.368,.338,F,jonessp01
91,Kylor Kelley,126,2024-25,27,DALNOP,11,2,0,11.5,1.3,2.0,1.3,2.0,0.0,0.0,0.5,0.9,1.1,2.5,3.5,0.5,0.1,0.3,0.4,1.4,3.1,.636,.636,,.600,.644,.636,F,kelleky01
92,Vlatko Čančar,136,2024-25,27,DEN,13,0,0,10.5,0.8,2.0,0.5,0.8,0.3,1.2,0.0,0.0,0.5,2.0,2.5,0.7,0.2,0.2,0.8,0.8,1.8,.385,.545,.267,,.462,.462,F,cancavl01
93,Elijah Harkless,138,2024-25,24,UTA,10,0,0,13.8,1.1,3.5,0.4,1.0,0.7,2.5,0.3,0.6,0.9,1.2,2.1,0.8,1.0,0.1,0.3,1.8,3.2,.314,.400,.280,.500,.425,.414,G,harklej01
94,Pete Nance,138,2024-25,24,MILPHI,13,1,0,10.6,1.1,2.5,0.4,0.6,0.7,1.8,0.1,0.2,0.4,1.2,1.6,0.8,0.2,0.2,0.3,1.3,2.9,.438,.625,.375,.500,.578,.578,F,nancepe01
95,Oshae Brissett,142,2024-25,26,PHI,6,2,0,23.7,3.2,6.5,2.2,3.5,1.0,3.0,1.3,2.3,1.2,2.5,3.7,0.7,0.7,0.5,1.3,2.3,8.7,.487,.619,.333,.571,.576,.564,F,brissos01
96,Damion Lee,144,2024-25,32,PHO,25,0,0,5.8,1.1,3.0,0.7,1.5,0.4,1.5,0.8,0.8,0.1,0.7,0.8,0.4,0.2,0.0,0.4,0.2,3.3,.365,.486,.243,.952,.499,.426,G,leeda03
97,Bruno Fernando,147,2024-25,26,TOR,17,2,0,8.6,1.5,2.9,1.5,2.9,0.0,0.0,0.4,0.5,1.2,1.8,3.0,1.1,0.2,0.5,0.8,1.6,3.4,.531,.531,,.750,.552,.531,F,fernabr01
98,Jeenathan Williams,147,2024-25,25,HOU,20,0,0,7.4,1.4,3.1,1.1,1.8,0.3,1.3,0.3,0.4,0.3,0.4,0.7,0.5,0.4,0.2,0.7,0.8,3.3,.435,.583,.231,.625,.496,.484,G,willije02
99,Josh Richardson,150,2024-25,31,MIA,8,0,0,18.8,1.4,4.8,0.6,2.0,0.8,2.8,0.5,0.5,0.8,0.8,1.5,1.5,1.0,0.1,1.0,2.1,4.0,.289,.313,.273,1.000,.402,.368,G,richajo01
100,Tyson Etienne,151,2024-25,25,BRK,7,0,0,21.6,2.4,7.4,0.6,1.1,1.9,6.3,1.1,1.4,0.4,0.9,1.3,1.7,0.4,0.1,1.1,2.4,7.9,.327,.500,.295,.800,.488,.452,G,etienty01
101,Lamar Stevens,155,2024-25,27,MEM,17,1,0,9.1,1.7,3.7,1.2,2.1,0.5,1.6,0.5,0.6,0.2,2.0,2.2,0.5,0.3,0.2,0.6,0.9,4.4,.460,.583,.296,.727,.545,.524,F,stevela01
102,MarJon Beauchamp,156,2024-25,24,LACMILNYK,35,0,0,4.5,0.8,1.9,0.5,1.0,0.3,0.8,0.4,0.6,0.3,0.9,1.3,0.3,0.1,0.0,0.4,0.4,2.3,.415,.472,.345,.750,.535,.492,G,beaucma01
103,Killian Hayes,162,2024-25,23,BRK,6,5,0,27.0,3.0,7.2,1.7,3.7,1.3,3.5,1.7,2.0,0.8,2.2,3.0,5.2,0.7,0.7,1.5,2.2,9.0,.419,.455,.381,.833,.559,.512,G,hayeski01
104,Markieff Morris,165,2024-25,35,DALLAL,15,2,0,11.0,1.4,4.7,0.8,2.3,0.6,2.4,0.3,0.4,0.2,1.3,1.5,1.4,0.1,0.2,0.3,1.1,3.7,.300,.353,.250,.833,.385,.364,F,morrima02
105,Jaylen Nowell,168,2024-25,25,NOP,8,0,0,21.0,3.3,9.1,2.3,5.8,1.0,3.4,0.9,1.4,0.8,1.8,2.5,2.3,0.1,0.5,1.0,1.1,8.4,.356,.391,.296,.636,.430,.411,G,nowelja01
106,Cole Swider,169,2024-25,25,DETTOR,10,0,0,16.9,2.2,6.3,0.7,1.6,1.5,4.7,0.0,0.1,0.5,2.2,2.7,0.3,0.4,0.2,0.4,1.2,5.9,.349,.438,.319,.000,.465,.468,F,swideco01
107,Enrique Freeman,181,2024-25,24,IND,22,1,0,8.2,0.7,1.7,0.7,1.2,0.0,0.5,0.6,0.9,0.5,0.9,1.4,0.4,0.1,0.1,0.3,1.0,2.1,.432,.556,.100,.684,.507,.446,F,freemen01
108,Bronny James,181,2024-25,20,LAL,27,1,0,6.7,0.8,2.5,0.4,1.3,0.3,1.2,0.4,0.5,0.1,0.5,0.7,0.8,0.3,0.1,0.5,0.5,2.3,.313,.343,.281,.786,.424,.381,G,jamesbr02
109,Lester Quiñones,183,2024-25,24,NOPPHI,13,0,0,14.1,2.4,6.0,1.4,2.6,1.0,3.4,0.8,1.0,0.3,1.2,1.5,1.8,0.2,0.2,1.1,1.4,6.6,.397,.529,.295,.846,.514,.481,G,quinole01
110,Markelle Fultz,184,2024-25,26,SAC,21,0,0,8.8,1.3,3.2,1.1,2.8,0.2,0.4,0.0,0.0,0.3,0.7,1.0,1.3,0.5,0.1,0.7,0.6,2.9,.418,.407,.500,1.000,.452,.448,G,fultzma01
111,Drew Peterson,186,2024-25,25,BOS,25,1,0,7.4,0.7,1.6,0.2,0.3,0.5,1.3,0.3,0.4,0.4,1.2,1.6,0.5,0.2,0.1,0.3,0.7,2.2,.415,.500,.394,.778,.601,.573,G,peterdr01
112,Chuma Okeke,196,2024-25,26,CLEPHI,9,3,0,21.8,2.2,4.4,1.0,1.3,1.2,3.1,0.2,0.3,2.3,2.9,5.2,1.7,0.6,0.4,0.3,0.6,5.9,.500,.750,.393,.667,.641,.638,F,okekech01
113,Adam Flagler,203,2024-25,25,OKC,37,0,0,5.5,0.7,2.6,0.3,0.6,0.4,1.9,0.0,0.1,0.2,0.5,0.7,0.3,0.2,0.1,0.1,0.4,1.8,.260,.458,.194,.500,.335,.333,G,flaglad01
114,Dario Šarić,210,2024-25,30,DEN,16,4,0,13.1,1.3,3.6,0.9,2.0,0.4,1.6,0.4,0.6,0.9,2.3,3.1,1.4,0.4,0.1,0.9,1.2,3.5,.362,.438,.269,.700,.449,.422,F-C,saricda01
115,Alex Reese,216,2024-25,25,OKCPHI,15,0,0,14.4,1.7,3.6,0.7,0.9,1.0,2.7,0.6,0.8,0.6,2.5,3.1,0.3,0.7,0.7,0.4,1.4,5.1,.481,.846,.366,.750,.641,.620,F,reeseal01
116,Ariel Hukporti,217,2024-25,22,NYK,25,1,0,8.7,0.8,1.2,0.8,1.2,0.0,0.0,0.2,0.5,0.6,1.5,2.0,0.4,0.0,0.6,0.8,1.3,1.9,.677,.677,,.462,.654,.677,C,hukpoar01
117,Luka Garza,219,2024-25,26,MIN,39,0,0,5.6,1.3,2.7,1.1,1.8,0.3,0.9,0.6,0.9,0.8,0.6,1.4,0.3,0.2,0.1,0.3,0.7,3.5,.495,.609,.278,.686,.573,.543,F-C,garzalu01
118,Jared Rhoden,227,2024-25,25,CHOTOR,14,2,0,16.2,3.0,6.2,2.1,3.4,0.9,2.8,1.6,1.8,1.0,2.0,3.0,1.1,0.7,0.1,0.6,1.4,8.4,.483,.625,.308,.880,.602,.552,G,rhodeja01
119,Garrett Temple,227,2024-25,38,TOR,28,0,0,8.1,0.6,2.1,0.4,1.1,0.2,1.0,0.4,0.4,0.3,0.7,1.0,1.1,0.6,0.1,0.4,0.8,1.9,.300,.375,.214,.917,.406,.350,G,templga01
120,Xavier Tillman Sr.,231,2024-25,26,BOS,33,2,0,7.0,0.4,1.6,0.2,0.6,0.2,1.0,0.1,0.1,0.3,1.0,1.3,0.2,0.3,0.2,0.4,0.5,1.0,.245,.381,.156,.750,.310,.292,F,tillmxa01
121,Bones Hyland,239,2024-25,24,LACMIN,24,0,0,10.0,2.0,4.9,0.6,1.5,1.3,3.4,1.0,1.1,0.2,0.8,1.0,1.3,0.8,0.2,1.0,1.2,6.2,.398,.417,.390,.885,.576,.534,G,hylanbo01
122,Jaylen Martin,239,2024-25,21,BRKWAS,16,0,0,14.9,1.9,4.6,1.5,3.2,0.4,1.4,0.6,0.6,0.7,2.1,2.8,1.1,0.6,0.0,0.8,0.9,4.9,.419,.471,.304,.900,.497,.466,F,martija02
123,Johnny Davis,242,2024-25,22,WAS,34,0,0,7.1,0.9,2.3,0.7,1.4,0.2,0.9,0.3,0.4,0.3,0.8,1.1,0.3,0.4,0.2,0.2,0.5,2.4,.410,.510,.241,.600,.473,.455,G,davisjo06
124,Branden Carlson,246,2024-25,25,OKC,32,0,0,7.7,1.3,3.0,0.7,1.0,0.7,2.1,0.4,0.6,0.5,1.2,1.7,0.4,0.2,0.7,0.2,0.7,3.8,.443,.677,.333,.778,.581,.557,C,carlsbr01
125,Dariq Whitehead,246,2024-25,20,BRK,20,0,0,12.3,2.0,4.8,0.3,1.1,1.7,3.7,0.2,0.3,0.2,1.3,1.5,0.6,0.3,0.1,0.8,1.1,5.7,.406,.273,.446,.600,.580,.578,F,whiteda01
126,JT Thor,249,2024-25,22,CLEWAS,20,0,0,12.5,1.3,3.0,1.0,1.9,0.3,1.1,0.8,1.1,1.0,1.4,2.4,0.3,0.4,0.5,0.5,0.9,3.6,.424,.500,.286,.682,.517,.475,F,thorjt01
127,Pat Spencer,250,2024-25,28,GSW,39,0,0,6.4,1.1,2.6,0.9,2.0,0.1,0.6,0.3,0.4,0.4,0.8,1.2,1.2,0.4,0.1,0.5,0.5,2.5,.406,.456,.227,.733,.455,.431,G,spencpa01
128,Kevin Love,251,2024-25,36,MIA,23,9,0,10.9,1.8,5.0,0.7,2.1,1.0,2.9,0.7,1.0,1.0,3.1,4.1,1.0,0.7,0.2,0.6,0.9,5.3,.357,.354,.358,.696,.488,.461,F-C,loveke01
129,Cam Spencer,252,2024-25,24,MEM,25,1,0,10.1,1.4,3.3,0.6,1.2,0.8,2.1,0.8,0.8,0.5,0.7,1.2,1.4,0.4,0.0,0.2,0.9,4.2,.415,.517,.358,1.000,.587,.530,G,spencca01
130,Marcus Bagley,253,2024-25,23,PHI,10,4,0,25.3,2.7,6.9,2.2,3.7,0.5,3.2,0.8,1.0,2.3,4.7,7.0,1.0,0.9,1.2,0.7,1.6,6.7,.391,.595,.156,.800,.456,.428,F,baglema02
131,Drew Timme,254,2024-25,24,BRK,9,2,0,28.2,5.0,11.3,4.0,7.4,1.0,3.9,1.1,1.8,1.9,5.3,7.2,2.2,0.4,0.1,1.7,2.3,12.1,.441,.537,.257,.625,.500,.485,F,timmedr01
132,Oscar Tshiebwe,255,2024-25,25,UTA,14,1,0,18.2,3.0,5.0,3.0,5.0,0.0,0.0,1.6,2.2,3.3,5.4,8.7,0.6,0.9,0.1,0.7,1.7,7.6,.600,.600,,.742,.640,.600,F,tshieos01
133,Marvin Bagley III,265,2024-25,25,MEMWAS,31,2,0,8.5,1.8,3.4,1.7,2.8,0.1,0.6,0.7,1.1,1.2,1.5,2.7,0.4,0.3,0.3,0.4,0.6,4.4,.519,.598,.158,.657,.560,.533,F-C,baglema01
134,Isaiah Wong,265,2024-25,24,CHO,20,0,0,13.3,2.1,5.3,1.4,3.6,0.7,1.7,1.3,1.7,0.7,0.9,1.6,1.4,0.6,0.0,0.9,1.1,6.0,.390,.389,.394,.735,.500,.452,G,wongis01
135,Dru Smith,268,2024-25,27,MIA,14,1,0,19.1,2.2,4.4,1.1,2.2,1.1,2.1,0.6,0.9,0.9,1.7,2.6,1.6,1.5,0.4,1.2,2.1,6.2,.508,.484,.533,.750,.656,.639,G,smithdr01
136,Kobe Brown,272,2024-25,25,LAC,40,0,0,6.8,0.8,1.8,0.7,1.2,0.2,0.7,0.1,0.2,0.5,1.2,1.6,0.6,0.2,0.1,0.3,0.6,1.9,.458,.587,.231,.714,.513,.500,G-F,brownko01
137,Josh Minott,276,2024-25,22,MIN,46,0,0,6.0,1.0,2.0,0.7,1.0,0.3,0.9,0.4,0.4,0.3,0.8,1.0,0.4,0.3,0.3,0.2,0.7,2.6,.489,.638,.326,.895,.605,.567,F,minotjo01
138,Mitchell Robinson,290,2024-25,26,NYK,17,3,0,17.1,2.2,3.3,2.2,3.3,0.0,0.0,0.8,1.1,3.1,2.9,5.9,0.8,0.9,1.1,0.6,1.5,5.1,.661,.661,,.684,.676,.661,C,robinmi01
139,Tyler Kolek,296,2024-25,23,NYK,41,0,0,7.2,0.7,2.0,0.3,0.9,0.3,1.1,0.3,0.4,0.2,0.5,0.7,1.7,0.3,0.1,0.4,0.6,2.0,.329,.371,.298,.765,.453,.415,G,kolekty01
140,Isaac Jones,304,2024-25,24,SAC,40,0,0,7.6,1.4,2.1,1.3,1.9,0.1,0.2,0.6,0.9,0.6,0.9,1.4,0.3,0.1,0.3,0.4,0.8,3.4,.651,.680,.375,.639,.678,.669,F,jonesis01
141,Matisse Thybulle,312,2024-25,27,POR,15,5,0,20.8,2.8,5.9,1.4,2.7,1.4,3.2,0.5,1.0,0.9,2.5,3.5,1.9,2.2,0.6,0.9,0.9,7.5,.477,.525,.438,.467,.592,.597,G,thybuma01
142,Torrey Craig,314,2024-25,34,BOSCHI,26,4,0,12.1,1.5,3.5,0.5,0.9,0.9,2.5,0.3,0.5,1.0,1.8,2.8,0.7,0.3,0.5,0.3,1.3,4.2,.422,.583,.364,.667,.567,.556,G-F,craigto01
143,Jordan McLaughlin,314,2024-25,28,SACSAS,46,0,0,6.8,0.7,1.6,0.3,0.6,0.4,1.0,0.4,0.5,0.1,0.5,0.7,1.1,0.3,0.0,0.3,0.4,2.1,.431,.462,.413,.773,.600,.563,G,mclaujo01
144,Jalen Hood-Schifino,315,2024-25,21,LALPHI,15,0,0,21.0,2.5,6.5,1.5,3.5,0.9,3.1,1.2,1.4,0.2,1.6,1.8,2.5,0.3,0.5,1.2,1.7,7.1,.378,.442,.304,.857,.494,.449,G,hoodsja01
145,Tre Mann,319,2024-25,23,CHO,13,0,0,24.5,5.4,12.4,3.5,7.8,1.8,4.6,1.5,1.6,0.9,2.0,2.9,3.0,0.5,0.3,1.9,1.8,14.1,.435,.455,.400,.905,.537,.509,G,manntr01
146,Jevon Carter,321,2024-25,29,CHI,36,1,0,8.9,1.5,4.1,0.6,1.1,1.0,2.9,0.2,0.3,0.1,1.0,1.1,1.1,0.4,0.1,0.3,0.4,4.3,.377,.488,.333,.800,.509,.497,G,carteje01
147,Patty Mills,321,2024-25,36,LACUTA,29,0,0,11.1,1.2,3.3,0.3,0.7,0.9,2.6,0.4,0.5,0.1,0.6,0.8,0.9,0.4,0.1,0.6,0.8,3.8,.375,.476,.347,.929,.543,.510,G,millspa02
148,Maxwell Lewis,327,2024-25,22,BRKLAL,28,1,0,11.7,1.6,3.9,0.9,2.1,0.7,1.8,0.3,0.4,0.6,1.3,2.0,0.7,0.3,0.3,0.5,1.0,4.1,.417,.448,.380,.700,.516,.505,F,lewisma05
149,Tristan Thompson,328,2024-25,33,CLE,40,0,0,8.2,0.8,1.8,0.8,1.7,0.0,0.1,0.2,0.8,0.8,2.6,3.4,0.6,0.1,0.3,0.4,0.9,1.7,.437,.456,.000,.233,.410,.437,F-C,thomptr01
150,Keion Brooks Jr.,332,2024-25,24,NOP,14,6,0,23.7,3.8,7.8,2.8,4.7,1.0,3.1,1.6,2.1,0.9,3.3,4.1,0.9,0.7,0.7,0.9,2.1,10.1,.486,.591,.326,.733,.581,.550,F,brookke02
151,Terrence Shannon Jr.,339,2024-25,24,MIN,32,1,0,10.6,1.7,3.6,1.4,2.6,0.3,1.0,0.5,0.7,0.3,1.2,1.5,1.0,0.2,0.2,0.5,0.8,4.3,.482,.530,.355,.810,.560,.531,G,shannte01
152,Christian Koloko,342,2024-25,24,LAL,37,0,0,9.2,1.1,1.8,1.1,1.7,0.0,0.1,0.3,0.4,0.9,1.5,2.5,0.4,0.2,0.4,0.3,1.2,2.4,.606,.645,.000,.714,.624,.606,C,kolokch01
153,Doug McDermott,342,2024-25,33,SAC,42,3,0,8.1,1.2,2.8,0.1,0.4,1.0,2.4,0.1,0.1,0.1,0.5,0.5,0.2,0.1,0.0,0.1,0.7,3.5,.427,.375,.436,.600,.617,.615,F,mcderdo01
154,Robert Williams,351,2024-25,27,POR,20,3,0,17.6,2.5,3.9,2.5,3.8,0.1,0.2,0.8,0.9,1.8,4.2,5.9,1.1,0.7,1.7,0.9,1.6,5.8,.641,.653,.333,.882,.679,.647,C-F,williro04
155,Jaden Springer,365,2024-25,22,BOSUTA,43,2,0,8.5,0.8,2.1,0.5,1.0,0.3,1.1,0.6,0.9,0.4,1.0,1.3,0.8,0.6,0.1,0.4,1.0,2.5,.389,.548,.250,.711,.511,.456,G,sprinja01
156,Damion Baugh,370,2024-25,24,CHO,15,2,0,24.7,2.8,8.7,2.0,4.9,0.8,3.7,0.9,1.0,0.9,2.4,3.3,3.7,1.0,0.1,2.1,1.5,7.3,.323,.405,.214,.867,.399,.369,G,baughda01
157,Dante Exum,372,2024-25,29,DAL,20,13,0,18.6,3.2,6.7,2.1,4.1,1.2,2.7,1.2,1.6,0.2,1.5,1.7,2.8,0.6,0.2,1.1,1.7,8.7,.478,.506,.434,.742,.589,.563,G,exumda01
158,Dominick Barlow,375,2024-25,21,ATL,35,4,0,10.7,1.7,3.2,1.5,2.5,0.2,0.8,0.6,0.9,1.0,1.4,2.4,0.5,0.3,0.5,0.1,1.3,4.2,.531,.616,.259,.636,.580,.562,F,barlodo01
159,Charles Bassey,376,2024-25,24,SAS,36,1,0,10.4,1.9,3.3,1.9,3.3,0.0,0.0,0.6,0.9,1.6,2.7,4.2,0.5,0.4,0.8,0.6,1.4,4.4,.581,.581,,.636,.597,.581,C,bassech01
160,Johnny Furphy,379,2024-25,20,IND,50,0,0,7.6,0.7,1.8,0.4,0.8,0.3,1.0,0.4,0.4,0.5,1.0,1.4,0.4,0.4,0.2,0.2,0.8,2.1,.380,.476,.300,.818,.506,.462,G-F,furphjo01
161,Alex Len,380,2024-25,31,LALSAC,46,7,0,8.3,0.7,1.4,0.7,1.2,0.0,0.2,0.2,0.4,0.8,1.2,2.1,0.8,0.2,0.5,0.4,1.2,1.6,.508,.556,.222,.471,.525,.524,C,lenal01
162,Quenton Jackson,381,2024-25,26,IND,28,7,0,13.6,2.1,4.4,1.5,2.9,0.5,1.4,1.1,1.4,0.5,1.1,1.6,1.9,0.8,0.2,0.6,1.5,5.8,.475,.524,.375,.775,.580,.537,G,jacksqu01
163,Reggie Jackson,384,2024-25,34,PHI,31,1,0,12.4,1.7,4.3,0.9,1.9,0.8,2.4,0.2,0.3,0.3,1.1,1.4,1.5,0.5,0.1,0.5,1.1,4.4,.391,.458,.338,.778,.496,.485,G,jacksre01
164,Baylor Scheierman,384,2024-25,24,BOS,31,2,0,12.4,1.3,3.5,0.4,0.9,0.8,2.6,0.3,0.4,0.6,1.5,2.1,1.1,0.5,0.1,0.4,0.7,3.6,.355,.464,.317,.750,.490,.473,G,scheiba01
165,Trey Jemison,392,2024-25,25,LALNOP,38,0,0,10.3,1.1,1.9,1.1,1.9,0.0,0.0,0.3,0.9,1.2,1.6,2.8,0.4,0.2,0.4,0.6,1.8,2.5,.554,.554,,.394,.537,.554,C,jemistr01
166,Devin Carter,396,2024-25,22,SAC,36,0,0,11.0,1.3,3.5,0.8,1.8,0.5,1.7,0.7,1.2,0.5,1.6,2.1,1.1,0.6,0.1,0.5,1.1,3.8,.370,.439,.295,.591,.471,.441,G,cartede02
167,Jeff Green,396,2024-25,38,HOU,32,3,0,12.4,1.9,3.8,1.0,1.3,0.9,2.5,0.7,0.8,0.3,1.5,1.8,0.6,0.2,0.1,0.3,1.0,5.4,.504,.762,.367,.808,.649,.624,F,greenje02
168,Anthony Gill,397,2024-25,32,WAS,51,0,0,7.8,0.8,1.7,0.6,1.1,0.2,0.6,0.6,1.0,0.4,0.9,1.3,0.3,0.2,0.0,0.2,0.6,2.5,.489,.579,.323,.660,.586,.545,F,gillan01
169,Hunter Tyson,400,2024-25,24,DEN,51,2,0,7.8,0.9,2.4,0.4,0.9,0.5,1.5,0.4,0.5,0.5,1.0,1.5,0.4,0.2,0.1,0.3,0.9,2.6,.375,.478,.311,.750,.506,.471,F,tysonhu01
170,Jordan Walsh,403,2024-25,20,BOS,52,1,0,7.8,0.6,1.6,0.3,0.5,0.3,1.1,0.1,0.2,0.4,0.9,1.3,0.4,0.2,0.2,0.3,0.6,1.6,.361,.536,.273,.583,.464,.452,G-F,walshjo01
171,Ousmane Dieng,405,2024-25,21,OKC,37,1,0,10.9,1.5,3.4,0.8,1.5,0.6,1.9,0.3,0.4,0.5,1.7,2.2,0.8,0.5,0.2,0.5,0.9,3.8,.432,.574,.324,.688,.538,.524,F,diengou01
172,Taj Gibson,409,2024-25,39,CHO,37,11,0,11.1,1.3,2.6,1.2,2.5,0.0,0.1,0.3,0.5,1.4,1.9,3.2,0.6,0.2,0.5,0.7,1.5,2.9,.495,.495,.500,.600,.515,.500,F-C,gibsota01
173,David Roddy,410,2024-25,23,ATLHOUPHI,33,3,0,12.4,1.7,3.8,1.2,1.9,0.6,1.8,0.6,0.8,0.4,2.2,2.5,1.1,0.4,0.3,0.7,0.6,4.6,.456,.594,.311,.769,.561,.532,F,roddyda01
174,Mo Bamba,413,2024-25,26,LACNOP,32,2,0,12.9,1.6,3.5,1.2,1.8,0.5,1.7,0.6,0.8,1.0,3.5,4.5,0.6,0.3,1.0,0.6,1.8,4.3,.464,.638,.278,.704,.557,.531,C,bambamo01
175,Jordan Miller,420,2024-25,25,LAC,37,0,0,11.4,1.6,3.6,1.4,2.6,0.2,1.0,0.8,0.9,0.6,0.9,1.6,0.9,0.5,0.1,0.7,0.7,4.1,.433,.521,.211,.800,.509,.463,G,millejo02
176,Malaki Branham,427,2024-25,21,SAS,47,0,0,9.1,1.9,4.0,1.1,2.3,0.7,1.8,0.6,0.7,0.1,0.9,1.1,0.8,0.2,0.0,0.7,0.6,5.0,.458,.500,.405,.818,.575,.547,G,branhma01
177,Trevelin Queen,430,2024-25,27,ORL,31,2,0,13.9,1.8,4.7,1.1,2.3,0.7,2.5,0.6,0.7,0.8,0.9,1.7,1.2,1.0,0.3,0.7,1.2,4.9,.381,.486,.286,.857,.486,.456,G,queentr01
178,Colin Castleton,432,2024-25,24,MEMPHITOR,26,4,0,16.6,1.8,3.8,1.7,3.2,0.1,0.6,1.1,1.5,2.0,2.7,4.7,1.1,0.3,0.4,0.9,2.0,4.7,.469,.537,.125,.763,.536,.480,F,castlco01
179,Paul Reed,438,2024-25,25,DET,45,0,0,9.7,1.6,3.2,1.4,2.5,0.2,0.6,0.7,0.9,0.9,1.8,2.7,1.0,0.9,0.6,0.6,1.7,4.1,.507,.561,.286,.762,.573,.535,F,reedpa01
180,Bol Bol,448,2024-25,25,PHO,36,10,0,12.4,2.7,5.1,1.8,2.5,0.9,2.6,0.6,0.7,0.6,2.3,2.9,0.6,0.3,0.7,0.6,0.6,6.8,.525,.711,.344,.769,.627,.612,F-C,bolbo01
181,Jaylon Tyson,453,2024-25,22,CLE,47,3,0,9.6,1.4,3.2,0.9,1.9,0.4,1.2,0.4,0.5,0.8,1.3,2.0,0.9,0.3,0.1,0.6,1.1,3.6,.430,.484,.345,.792,.523,.497,G,tysonja01
182,GG Jackson II,459,2024-25,20,MEM,29,3,0,15.8,2.6,6.9,1.4,3.6,1.1,3.3,1.0,1.4,0.9,2.2,3.2,1.0,0.4,0.2,1.1,1.0,7.2,.372,.404,.337,.725,.482,.452,F,jacksgg01
183,Rayan Rupert,460,2024-25,20,POR,52,0,0,8.8,1.1,2.7,0.8,1.6,0.3,1.1,0.4,0.6,0.5,0.8,1.3,0.5,0.3,0.1,0.6,0.7,3.0,.408,.506,.271,.767,.499,.465,G,ruperra01
184,Collin Gillespie,461,2024-25,25,PHO,33,9,0,14.0,2.1,4.8,0.9,2.1,1.2,2.7,0.6,0.7,0.7,1.7,2.4,2.4,0.6,0.2,0.5,0.9,5.9,.430,.426,.433,.864,.578,.554,G,gilleco01
185,Larry Nance Jr.,463,2024-25,32,ATL,24,3,0,19.3,3.3,6.5,1.9,3.3,1.4,3.2,0.4,0.5,1.0,3.3,4.3,1.6,0.8,0.5,0.7,1.5,8.5,.516,.582,.447,.692,.632,.626,F-C,nancela02
186,Kai Jones,468,2024-25,24,DALLAC,40,6,0,11.7,2.2,2.7,2.2,2.6,0.0,0.1,0.6,0.8,1.0,2.1,3.1,0.6,0.4,0.6,0.5,1.3,5.0,.798,.827,.200,.719,.804,.803,F-C,joneska01
187,Reece Beekman,469,2024-25,23,BRKGSW,36,4,0,13.0,1.0,3.0,0.8,1.9,0.2,1.1,0.4,0.6,0.4,0.7,1.1,1.8,0.9,0.1,0.6,1.0,2.6,.327,.418,.175,.762,.400,.360,G,beekmre01
188,Duop Reath,469,2024-25,28,POR,46,0,0,10.2,1.5,3.6,0.8,1.3,0.7,2.3,0.4,0.5,1.0,1.0,2.0,0.6,0.3,0.3,0.3,0.9,4.2,.422,.600,.321,.909,.552,.524,C,reathdu01
189,Lonnie Walker IV,477,2024-25,26,PHI,20,7,0,23.9,4.5,10.6,2.2,4.3,2.3,6.4,1.2,1.5,0.3,2.9,3.2,2.5,0.5,0.3,1.3,1.4,12.4,.420,.518,.354,.800,.548,.526,G,walkelo01
190,Grant Williams,479,2024-25,26,CHO,16,7,0,29.9,3.4,7.7,1.7,3.1,1.7,4.6,1.9,2.3,1.1,4.0,5.1,2.3,1.1,0.8,1.8,2.9,10.4,.439,.551,.365,.838,.596,.549,F,willigr01
191,A.J. Lawson,486,2024-25,24,TOR,26,2,0,18.7,3.1,7.3,1.8,3.4,1.3,3.9,1.7,2.4,0.8,2.5,3.3,1.2,0.5,0.2,0.6,1.7,9.1,.421,.528,.327,.683,.542,.508,G,lawsoaj01
192,Brandon Williams,487,2024-25,25,DAL,33,3,0,14.8,3.0,5.7,2.2,3.9,0.7,1.8,1.7,2.0,0.4,1.4,1.8,2.3,0.7,0.2,1.2,1.0,8.3,.521,.578,.400,.833,.634,.585,G,willibr03
193,Wendell Moore Jr.,499,2024-25,23,CHODET,36,1,0,13.9,1.6,3.5,1.3,2.4,0.4,1.1,0.5,0.6,0.8,1.8,2.6,1.2,0.6,0.1,0.8,0.9,4.2,.468,.529,.341,.818,.553,.524,G-F,moorewe01
194,Vince Williams Jr.,499,2024-25,24,MEM,27,5,0,18.5,2.5,6.2,1.5,2.7,1.0,3.5,0.7,0.9,0.8,2.8,3.6,2.0,0.4,0.3,1.2,1.7,6.6,.401,.569,.274,.792,.504,.479,F,willivi01
195,Jock Landale,500,2024-25,29,HOU,42,3,0,11.9,1.9,3.6,1.7,3.0,0.3,0.6,0.6,1.0,1.3,1.9,3.3,0.9,0.3,0.2,0.5,1.2,4.8,.533,.556,.423,.675,.590,.569,C,landajo01
196,Keaton Wallace,501,2024-25,25,ATL,31,5,0,16.2,2.1,5.2,1.2,2.6,0.9,2.6,0.4,0.4,0.2,1.4,1.6,2.6,0.9,0.3,1.1,1.3,5.4,.401,.475,.329,1.000,.503,.485,G,wallake01
197,Jamal Cain,502,2024-25,25,NOP,37,0,0,13.6,1.8,4.3,1.1,2.1,0.7,2.2,0.9,1.4,0.7,1.6,2.3,0.6,0.6,0.2,0.6,1.2,5.3,.430,.538,.325,.680,.544,.513,F,cainja01
198,Elfrid Payton,511,2024-25,30,CHONOP,24,9,0,21.3,1.7,5.1,1.6,4.8,0.0,0.3,0.2,0.3,0.6,2.7,3.3,6.9,1.0,0.5,2.5,1.5,3.5,.328,.336,.167,.571,.340,.332,G,paytoel01
199,Craig Porter Jr.,513,2024-25,24,CLE,51,1,0,10.1,1.4,2.7,1.0,1.8,0.4,0.9,0.5,0.6,0.4,0.9,1.3,1.4,0.3,0.3,0.7,0.5,3.7,.514,.554,.438,.719,.610,.589,G,portecr01
200,Tristan Vukcevic,513,2024-25,21,WAS,35,1,0,14.7,3.4,6.9,2.3,4.0,1.1,2.9,1.5,1.9,0.7,3.0,3.7,1.1,0.3,0.7,1.2,1.6,9.4,.496,.586,.373,.776,.608,.574,F-C,vukcetr01
201,Colby Jones,515,2024-25,22,SACWAS,39,0,0,13.2,1.5,3.3,1.1,2.1,0.4,1.3,0.6,0.9,0.5,1.7,2.2,1.1,0.7,0.3,0.6,0.9,4.0,.457,.538,.327,.657,.544,.519,G,jonesco02
202,Rob Dillingham,516,2024-25,20,MIN,49,1,0,10.5,1.9,4.3,1.4,2.8,0.5,1.5,0.2,0.3,0.2,0.8,1.0,2.0,0.4,0.0,1.1,0.8,4.5,.441,.496,.338,.533,.503,.500,G,dilliro01
203,Jaylen Clark,522,2024-25,23,MIN,40,4,0,13.1,1.4,3.0,0.9,1.7,0.6,1.3,0.7,0.9,0.7,0.7,1.3,0.7,0.9,0.1,0.2,1.5,4.1,.467,.493,.431,.784,.598,.558,G,clarkja02
204,Bismack Biyombo,528,2024-25,32,SAS,28,26,0,18.9,2.4,4.1,2.4,4.1,0.0,0.0,0.4,0.9,1.5,4.1,5.6,1.1,0.6,0.8,1.0,1.9,5.1,.588,.588,,.400,.576,.588,C-F,biyombi01
205,Mouhamed Gueye,533,2024-25,22,ATL,33,28,0,16.2,2.2,5.2,1.5,2.7,0.6,2.5,1.0,1.3,1.3,2.9,4.2,0.8,0.8,1.0,0.5,1.7,6.0,.421,.567,.259,.762,.520,.482,F,gueyemo02
206,Richaun Holmes,534,2024-25,31,WAS,31,7,0,17.2,2.9,4.5,2.9,4.4,0.0,0.1,1.6,1.9,2.0,3.7,5.7,1.4,0.3,0.7,0.7,1.6,7.4,.647,.662,.000,.833,.695,.647,C-F,holmeri01
207,Jordan Goodwin,543,2024-25,26,LAL,29,5,0,18.7,2.2,5.0,1.3,2.6,0.9,2.3,0.3,0.4,1.3,2.6,3.9,1.4,1.0,0.4,0.9,1.5,5.6,.438,.487,.382,.818,.541,.528,G,goodwjo01
208,Dillon Jones,551,2024-25,23,OKC,54,3,0,10.2,0.9,2.5,0.6,1.3,0.3,1.2,0.3,0.5,0.6,1.7,2.2,1.1,0.3,0.1,0.5,1.0,2.5,.383,.500,.254,.607,.464,.444,F,jonesdi01
209,Dwight Powell,551,2024-25,33,DAL,55,3,0,10.0,0.8,1.1,0.7,1.0,0.0,0.1,0.5,0.8,0.9,1.3,2.1,1.0,0.3,0.4,0.3,1.4,2.1,.689,.714,.400,.651,.713,.705,F-C,poweldw01
210,John Konchar,558,2024-25,28,MEM,46,4,0,12.1,0.9,2.0,0.4,0.6,0.5,1.3,0.2,0.2,0.8,2.5,3.3,0.9,0.7,0.3,0.3,0.7,2.4,.451,.621,.371,.875,.592,.577,G,konchjo01
211,Malcolm Brogdon,564,2024-25,32,WAS,24,13,0,23.5,4.3,10.0,3.7,7.7,0.7,2.3,3.4,3.8,0.9,2.9,3.8,4.1,0.5,0.2,1.6,1.3,12.7,.433,.478,.286,.880,.544,.467,G,brogdma01
212,Moritz Wagner,564,2024-25,27,ORL,30,1,0,18.8,4.7,8.3,3.8,5.8,0.9,2.5,2.6,3.7,1.3,3.6,4.9,1.4,0.8,0.4,1.6,1.8,12.9,.562,.649,.360,.718,.649,.616,F-C,wagnemo01
213,Monte Morris,571,2024-25,29,PHO,45,0,0,12.7,1.8,4.3,1.2,2.4,0.7,1.9,0.8,0.9,0.3,1.2,1.5,1.6,0.4,0.1,0.5,0.5,5.2,.426,.477,.360,.857,.546,.505,G,morrimo01
214,Joel Embiid,574,2024-25,30,PHI,19,19,0,30.2,7.4,16.6,6.2,12.5,1.2,4.1,7.8,8.9,1.9,6.3,8.2,4.5,0.7,0.9,3.3,2.2,23.8,.444,.492,.299,.882,.580,.481,C,embiijo01
215,Jarred Vanderbilt,581,2024-25,25,LAL,36,2,0,16.1,1.6,3.4,1.4,2.5,0.3,0.9,0.6,1.0,1.9,3.2,5.1,1.1,1.0,0.3,0.8,1.9,4.1,.488,.562,.281,.556,.537,.525,F,vandeja01
216,Olivier-Maxence Prosper,584,2024-25,22,DAL,52,4,0,11.2,1.3,3.3,1.1,2.4,0.2,1.0,0.9,1.5,0.8,1.6,2.4,0.8,0.5,0.1,0.3,0.5,3.9,.402,.472,.235,.645,.484,.437,F,prospol01
217,Jae'Sean Tate,588,2024-25,29,HOU,52,2,0,11.3,1.3,2.8,1.0,2.0,0.3,0.9,0.6,0.9,1.0,1.3,2.3,0.9,0.5,0.1,0.4,1.6,3.6,.473,.529,.348,.681,.557,.527,F,tateja01
218,Cam Reddish,589,2024-25,25,LAL,33,8,0,17.8,1.2,2.8,0.8,1.4,0.4,1.4,0.5,0.8,0.5,1.5,2.0,0.7,1.0,0.3,0.4,1.3,3.2,.404,.532,.277,.615,.498,.473,F,reddica01
219,Jared McCain,592,2024-25,20,PHI,23,8,0,25.7,5.5,11.9,3.3,6.1,2.2,5.8,2.1,2.4,0.6,1.9,2.4,2.6,0.7,0.0,1.6,1.6,15.3,.460,.532,.383,.875,.589,.553,G,mccaija01
220,Brandon Ingram,595,2024-25,27,NOP,18,18,0,33.1,8.6,18.5,6.2,12.1,2.4,6.4,2.6,3.1,0.9,4.6,5.6,5.2,0.9,0.6,3.8,2.5,22.2,.465,.514,.374,.855,.560,.530,F,ingrabr01
221,Ajay Mitchell,597,2024-25,22,OKC,36,1,0,16.6,2.5,5.1,1.9,3.4,0.6,1.7,0.8,1.0,0.5,1.4,1.9,1.8,0.7,0.1,0.8,1.9,6.5,.495,.548,.383,.829,.587,.557,G,mitchaj01
222,Pat Connaughton,603,2024-25,32,MIL,41,1,0,14.7,2.0,4.3,1.4,2.3,0.6,2.0,0.6,0.8,0.5,2.2,2.7,1.7,0.2,0.3,0.6,1.1,5.3,.469,.594,.321,.774,.567,.542,G,connapa01
223,Kessler Edwards,608,2024-25,24,DAL,40,18,0,15.2,1.7,3.4,1.1,2.0,0.6,1.4,0.3,0.3,0.6,2.3,2.9,1.1,0.5,0.5,0.4,1.6,4.2,.496,.556,.407,.923,.597,.578,F,edwarke02
224,Zeke Nnaji,608,2024-25,24,DEN,57,4,0,10.7,1.2,2.5,0.9,1.6,0.3,0.9,0.5,0.8,0.6,1.0,1.6,0.4,0.4,0.7,0.2,1.1,3.2,.496,.596,.327,.614,.574,.557,F,nnajize01
225,Cory Joseph,612,2024-25,33,ORL,50,16,0,12.2,1.2,3.1,0.5,0.9,0.8,2.1,0.3,0.4,0.3,1.1,1.5,1.4,0.5,0.1,0.4,1.0,3.5,.403,.489,.364,.778,.547,.529,G,josepco01
226,Jeff Dowtin,621,2024-25,27,PHI,41,3,0,15.1,2.7,5.6,2.0,3.9,0.7,1.7,0.8,1.1,0.3,1.2,1.5,1.9,0.6,0.3,0.4,0.7,7.0,.487,.525,.400,.733,.570,.548,G,dowtije01
227,Daniel Theis,621,2024-25,32,NOP,38,9,0,16.3,1.6,3.4,1.4,2.4,0.2,1.0,0.8,1.0,1.2,3.2,4.3,1.6,0.5,0.5,0.7,1.8,4.3,.473,.565,.243,.838,.558,.508,C,theisda01
228,Josh Okogie,625,2024-25,26,CHOPHO,40,7,0,15.6,2.4,5.3,1.6,3.0,0.8,2.3,1.6,2.1,1.1,1.7,2.8,0.8,1.2,0.5,0.8,1.2,7.1,.443,.517,.348,.741,.567,.519,G,okogijo01
229,Jericho Sims,632,2024-25,26,MILNYK,53,5,0,11.9,0.8,1.3,0.8,1.3,0.0,0.0,0.2,0.2,1.3,2.4,3.7,0.6,0.2,0.4,0.6,1.2,1.8,.634,.634,,.615,.639,.634,F,simsje01
230,Delon Wright,635,2024-25,32,MILNYK,40,7,0,15.9,1.1,3.3,0.6,1.5,0.5,1.8,0.4,0.6,0.7,1.0,1.7,1.9,0.9,0.3,0.6,0.6,3.1,.344,.431,.274,.600,.440,.420,G,wrighde01
231,Maxi Kleber,637,2024-25,33,DAL,34,4,0,18.7,1.1,2.8,0.7,1.4,0.4,1.4,0.5,0.6,0.7,2.1,2.8,1.3,0.3,0.5,0.7,1.9,3.0,.385,.511,.265,.762,.489,.453,F,klebima01
232,AJ Johnson,639,2024-25,20,MILWAS,29,11,0,22.0,2.8,7.3,2.0,4.2,0.8,3.1,1.1,1.3,0.3,1.8,2.0,2.6,0.4,0.1,1.2,1.7,7.6,.385,.472,.267,.865,.480,.441,G,johnsaj01
233,Herbert Jones,648,2024-25,26,NOP,20,20,0,32.4,3.8,8.6,2.7,5.0,1.1,3.6,1.7,2.0,1.1,2.8,3.9,3.3,1.9,0.5,1.8,3.3,10.3,.436,.530,.306,.825,.541,.500,F,joneshe01
234,Reed Sheppard,654,2024-25,20,HOU,52,3,0,12.6,1.6,4.6,0.7,1.9,0.9,2.7,0.3,0.3,0.3,1.2,1.5,1.4,0.7,0.3,0.7,1.0,4.4,.351,.371,.338,.813,.465,.452,G,sheppre01
235,Kyle Lowry,659,2024-25,38,PHI,35,12,0,18.8,1.2,3.3,0.3,0.8,0.8,2.5,0.8,0.9,0.3,1.6,1.9,2.7,0.9,0.3,0.6,1.8,3.9,.350,.414,.330,.818,.525,.474,G,lowryky01
236,Antonio Reeves,660,2024-25,24,NOP,44,6,0,15.0,2.6,5.6,1.4,2.7,1.2,2.9,0.6,0.8,0.4,1.0,1.4,0.9,0.5,0.1,0.7,0.9,6.9,.456,.521,.395,.800,.579,.558,G,reevean01
237,Tosan Evbuomwan,665,2024-25,23,BRK,28,0,0,23.8,3.4,7.9,2.5,5.1,0.9,2.8,2.0,2.6,1.1,3.1,4.3,2.0,0.9,0.4,1.4,2.0,9.5,.427,.490,.312,.753,.530,.482,F,evbuoto01
238,Jalen Pickett,666,2024-25,25,DEN,49,4,0,13.6,1.6,3.7,0.8,1.6,0.8,2.1,0.1,0.2,0.3,1.1,1.4,2.2,0.4,0.1,0.5,0.8,4.1,.428,.468,.396,.750,.545,.539,G,pickeja02
239,Marcus Smart,680,2024-25,30,MEMWAS,34,7,0,20.0,3.0,7.6,1.5,3.4,1.4,4.1,1.6,2.1,0.5,1.6,2.1,3.2,1.1,0.3,1.6,1.6,9.0,.393,.448,.348,.761,.529,.488,G,smartma01
240,Sandro Mamukelashvili,681,2024-25,25,SAS,61,0,0,11.2,2.3,4.6,1.3,2.0,1.0,2.6,0.7,1.0,1.0,2.0,3.1,0.8,0.4,0.3,0.4,1.0,6.3,.502,.675,.373,.741,.628,.609,C-F,mamuksa01
241,Blake Wesley,683,2024-25,21,SAS,58,0,0,11.8,1.4,3.2,1.1,2.2,0.3,1.0,0.7,1.1,0.3,0.8,1.1,2.0,0.6,0.1,0.9,0.8,3.7,.435,.500,.293,.623,.510,.481,G,weslebl01
242,Quinten Post,686,2024-25,24,GSW,42,14,0,16.3,2.9,6.5,1.2,2.3,1.7,4.3,0.5,0.6,0.8,2.7,3.5,1.3,0.4,0.4,0.8,2.0,8.1,.449,.526,.408,.778,.595,.582,F,postqu01
243,DeAndre Jordan,691,2024-25,36,DEN,56,5,0,12.3,1.6,2.5,1.6,2.5,0.0,0.0,0.5,1.1,1.5,3.6,5.1,0.9,0.3,0.5,0.7,1.3,3.7,.650,.650,,.422,.621,.650,C,jordade01
244,Jett Howard,701,2024-25,21,ORL,60,0,0,11.7,1.6,4.4,0.7,1.3,0.9,3.1,0.3,0.4,0.3,0.8,1.2,0.7,0.2,0.2,0.6,1.1,4.5,.374,.566,.296,.696,.491,.479,G,howarje01
245,Micah Potter,705,2024-25,26,UTA,38,10,0,18.6,1.5,3.6,0.7,1.0,0.8,2.6,0.4,0.5,1.1,3.2,4.3,0.8,0.4,0.4,0.8,1.3,4.3,.422,.703,.316,.850,.563,.537,C,pottemi01
246,Gary Harris,711,2024-25,30,ORL,48,3,0,14.8,1.1,2.8,0.3,0.7,0.8,2.1,0.1,0.3,0.4,0.9,1.3,0.6,0.5,0.3,0.4,0.9,3.0,.383,.469,.356,.583,.524,.519,G,harriga01
247,Talen Horton-Tucker,724,2024-25,24,CHI,58,0,0,12.5,2.3,5.0,1.6,2.9,0.7,2.1,1.2,1.7,0.3,1.4,1.7,1.4,0.4,0.2,0.7,1.0,6.5,.457,.544,.336,.735,.567,.527,G-F,hortota01
248,Drew Eubanks,746,2024-25,27,LACUTA,61,4,0,12.2,1.9,3.2,1.8,3.1,0.0,0.1,0.8,1.2,1.0,2.7,3.7,0.9,0.2,0.6,0.7,1.0,4.6,.593,.596,.500,.662,.622,.601,F,eubandr01
249,Jay Huff,748,2024-25,26,MEM,64,2,0,11.7,2.5,4.8,1.2,1.6,1.3,3.1,0.7,0.9,0.5,1.5,2.0,0.6,0.3,0.9,0.5,1.2,6.9,.515,.724,.405,.786,.666,.648,F-C,huffja01
250,Jabari Walker,749,2024-25,22,POR,60,1,0,12.5,2.0,3.8,1.5,2.6,0.5,1.2,0.8,1.2,1.0,2.5,3.5,0.6,0.6,0.1,0.6,1.5,5.2,.515,.573,.389,.690,.601,.576,F,walkeja01
251,Andre Drummond,751,2024-25,31,PHI,40,23,0,18.8,2.9,5.9,2.9,5.4,0.1,0.5,1.4,2.3,2.7,5.0,7.8,0.9,1.0,0.5,1.4,2.4,7.3,.500,.533,.150,.622,.535,.506,C,drumman01
252,Svi Mykhailiuk,760,2024-25,27,UTA,38,13,0,20.0,3.1,7.9,1.3,2.6,1.8,5.3,0.7,0.9,0.6,1.8,2.4,2.0,0.5,0.2,1.4,1.1,8.8,.391,.485,.345,.800,.526,.507,G-F,mykhasv01
253,Gui Santos,762,2024-25,22,GSW,56,2,0,13.6,1.5,3.2,0.9,1.4,0.6,1.8,0.5,0.8,1.3,1.8,3.1,1.4,0.4,0.2,0.8,1.6,4.1,.458,.632,.330,.690,.575,.553,F,santogu01
254,Landry Shamet,762,2024-25,27,NYK,50,0,0,15.2,2.1,4.6,0.9,1.5,1.2,3.1,0.2,0.4,0.2,1.0,1.2,0.5,0.5,0.0,0.4,1.0,5.7,.461,.595,.397,.667,.601,.596,G,shamela01
255,Eric Gordon,768,2024-25,36,PHI,39,13,0,19.7,2.2,5.2,0.8,1.7,1.4,3.5,0.9,1.2,0.2,1.0,1.2,1.7,0.7,0.3,0.7,0.8,6.8,.426,.463,.409,.750,.591,.564,G-F,gordoer01
256,Orlando Robinson,770,2024-25,24,SACTOR,44,8,0,17.5,2.6,5.9,2.3,4.8,0.4,1.2,1.2,1.6,2.0,3.0,5.0,1.8,0.4,0.4,1.1,2.3,6.9,.444,.474,.327,.771,.519,.477,F,robinor01
257,Lonzo Ball,777,2024-25,27,CHI,35,14,0,22.2,2.5,6.9,0.6,1.4,1.9,5.6,0.6,0.8,0.7,2.7,3.4,3.3,1.3,0.5,1.2,1.6,7.6,.366,.458,.344,.815,.524,.504,G,balllo01
258,Lindy Waters III,778,2024-25,27,DETGSW,52,9,0,15.0,1.8,4.8,0.5,1.2,1.2,3.6,0.2,0.2,0.4,1.7,2.1,1.0,0.5,0.2,0.4,1.2,4.9,.369,.444,.344,.727,.504,.498,G,waterli01
259,Cam Thomas,781,2024-25,23,BRK,25,23,0,31.2,8.0,18.2,5.2,10.4,2.7,7.8,5.3,6.0,0.6,2.7,3.3,3.8,0.6,0.1,2.5,1.8,24.0,.438,.506,.349,.881,.575,.513,G,thomaca02
260,Pelle Larsson,782,2024-25,23,MIA,55,8,0,14.2,1.6,3.7,1.0,2.0,0.6,1.7,0.7,1.1,0.5,1.2,1.7,1.2,0.6,0.1,0.4,1.7,4.6,.438,.528,.337,.672,.546,.517,G,larsspe01
261,Jaylin Williams,784,2024-25,22,OKC,47,9,0,16.7,2.1,4.7,0.8,1.4,1.3,3.3,0.5,0.6,1.0,4.6,5.6,2.6,0.5,0.6,0.7,1.7,5.9,.439,.529,.399,.767,.594,.577,F,willija07
262,Vasilije Micić,785,2024-25,31,CHOPHO,41,16,0,19.1,2.3,6.7,1.2,3.6,1.1,3.0,0.8,1.0,0.5,1.7,2.2,3.1,0.4,0.0,1.9,1.1,6.6,.348,.338,.360,.829,.462,.430,G,micicva01
263,Caleb Houstan,788,2024-25,22,ORL,58,6,0,13.6,1.4,3.3,0.3,0.5,1.1,2.8,0.3,0.3,0.3,1.0,1.3,0.6,0.4,0.1,0.2,1.1,4.1,.421,.533,.400,.882,.605,.589,G-F,houstca01
264,Karlo Matković,791,2024-25,23,NOP,42,7,0,18.8,3.2,5.6,2.7,4.0,0.5,1.6,0.8,1.0,1.5,3.5,5.0,1.1,0.5,1.0,1.0,2.5,7.7,.574,.675,.318,.773,.639,.619,F-C,matkoka01
265,Aaron Holiday,792,2024-25,28,HOU,62,3,0,12.8,1.9,4.3,0.7,1.4,1.2,2.9,0.5,0.7,0.2,1.0,1.3,1.3,0.3,0.2,0.6,1.0,5.5,.437,.517,.398,.829,.594,.571,G,holidaa01
266,Steven Adams,794,2024-25,31,HOU,58,3,0,13.7,1.6,2.9,1.6,2.8,0.0,0.0,0.7,1.6,2.9,2.8,5.6,1.1,0.4,0.5,0.9,1.0,3.9,.545,.552,.000,.462,.541,.545,C,adamsst01
267,Marcus Sasser,811,2024-25,24,DET,57,1,0,14.2,2.4,5.2,1.4,2.5,1.0,2.7,0.8,0.9,0.3,0.9,1.2,2.3,0.6,0.1,0.9,1.3,6.6,.463,.549,.382,.843,.589,.561,G,sassema01
268,Ryan Rollins,820,2024-25,22,MIL,56,19,0,14.6,2.4,4.8,1.5,2.7,0.9,2.1,0.6,0.8,0.4,1.6,1.9,1.9,0.8,0.3,0.9,1.6,6.2,.487,.550,.408,.800,.600,.577,G,rolliry01
269,Cam Whitmore,827,2024-25,20,HOU,51,3,0,16.2,3.5,7.9,2.2,4.3,1.3,3.6,1.1,1.4,0.7,2.3,3.0,1.0,0.6,0.3,0.9,0.9,9.4,.444,.518,.355,.750,.549,.525,F,whitmca01
270,Garrison Mathews,830,2024-25,28,ATL,47,2,0,17.7,2.2,5.5,0.4,0.8,1.8,4.6,1.4,1.7,0.3,1.6,1.9,1.3,0.6,0.3,0.7,1.7,7.5,.397,.436,.390,.821,.606,.562,G,mathega01
271,Dereck Lively II,833,2024-25,20,DAL,36,29,0,23.1,3.7,5.3,3.7,5.3,0.0,0.0,1.3,2.0,2.9,4.6,7.5,2.4,0.6,1.6,1.1,2.8,8.7,.702,.702,,.630,.704,.702,C,livelde01
272,Shake Milton,837,2024-25,28,BRKLAL,57,2,0,14.7,2.0,4.5,1.4,2.6,0.7,1.9,0.8,1.0,0.5,1.3,1.8,1.8,0.4,0.1,0.7,1.2,5.5,.453,.520,.358,.797,.563,.528,G,miltosh01
273,KJ Simpson,842,2024-25,22,CHO,36,15,0,23.4,2.9,8.4,2.0,4.8,0.9,3.6,1.1,1.4,1.1,1.9,3.0,3.1,0.9,0.2,1.6,1.6,7.8,.346,.415,.254,.820,.437,.400,G,simpskj01
274,Khris Middleton,843,2024-25,33,MILWAS,37,21,0,22.8,4.3,9.1,3.0,5.5,1.3,3.6,1.9,2.3,0.4,3.4,3.7,4.1,0.9,0.2,1.5,2.0,11.9,.475,.549,.361,.857,.588,.546,F-G,middlkh01
275,Zion Williamson,857,2024-25,24,NOP,30,30,0,28.6,9.6,16.9,9.5,16.5,0.1,0.4,5.3,8.0,2.5,4.7,7.2,5.3,1.2,0.9,3.0,2.7,24.6,.567,.576,.231,.656,.600,.570,F-C,willizi01
276,Chris Boucher,862,2024-25,32,TOR,50,0,0,17.2,3.6,7.4,2.2,3.5,1.4,3.9,1.4,1.7,1.4,3.1,4.5,0.7,0.5,0.5,0.6,1.4,10.0,.492,.633,.363,.782,.615,.586,F,bouchch01
277,Alec Burks,863,2024-25,33,MIA,49,14,0,17.6,2.3,5.5,0.6,1.3,1.8,4.2,0.8,1.0,0.3,2.2,2.5,1.1,0.6,0.1,0.6,0.8,7.3,.424,.422,.425,.776,.608,.587,G,burksal01
278,Neemias Queta,863,2024-25,25,BOS,62,6,0,13.9,2.1,3.3,2.1,3.2,0.0,0.0,0.7,1.0,1.4,2.4,3.8,0.7,0.3,0.7,0.6,1.7,5.0,.650,.660,.000,.754,.674,.650,C,quetane01
279,Chet Holmgren,877,2024-25,22,OKC,32,32,0,27.4,5.2,10.7,3.8,7.0,1.4,3.6,3.2,4.2,1.5,6.5,8.0,2.0,0.7,2.2,1.8,2.3,15.0,.490,.547,.379,.754,.599,.554,F-C,holmgch01
280,Kelly Olynyk,891,2024-25,33,NOPTOR,44,22,0,20.3,3.0,6.1,2.3,4.3,0.8,1.8,1.9,2.5,1.4,3.3,4.7,2.9,0.8,0.4,1.7,2.8,8.7,.500,.534,.418,.769,.609,.562,C-F,olynyke01
281,Jaden Ivey,898,2024-25,22,DET,30,30,0,29.9,6.3,13.8,4.2,8.6,2.1,5.1,2.8,3.9,1.3,2.8,4.1,4.0,0.9,0.4,3.0,2.2,17.6,.460,.490,.409,.733,.569,.536,G,iveyja01
282,Adem Bona,905,2024-25,21,PHI,58,11,0,15.6,2.3,3.3,2.3,3.3,0.0,0.0,1.2,1.7,1.6,2.6,4.2,0.5,0.4,1.2,1.1,2.2,5.8,.703,.707,.000,.670,.714,.703,F-C,bonaad01
283,Tre Jones,905,2024-25,25,CHISAS,46,9,0,19.7,2.8,5.2,2.4,4.1,0.4,1.0,1.2,1.5,0.7,1.8,2.5,4.2,0.8,0.2,0.8,1.2,7.2,.538,.574,.396,.821,.617,.578,G,jonestr01
284,Jaden Hardy,907,2024-25,22,DAL,57,3,0,15.9,3.2,7.3,1.8,3.8,1.3,3.5,1.1,1.5,0.2,1.4,1.6,1.4,0.5,0.1,1.4,1.6,8.7,.435,.479,.386,.698,.549,.527,G,hardyja02
285,Day'Ron Sharpe,907,2024-25,23,BRK,50,2,0,18.1,3.3,6.3,3.1,5.4,0.2,0.9,1.1,1.5,3.0,3.6,6.6,1.8,0.8,0.8,1.3,2.3,7.9,.521,.566,.244,.757,.568,.538,C,sharpda01
286,KJ Martin,912,2024-25,24,PHIUTA,43,16,0,21.2,2.6,4.7,2.2,3.3,0.3,1.3,0.9,1.1,0.7,2.2,2.9,1.1,0.4,0.5,0.6,2.3,6.4,.552,.671,.259,.787,.618,.590,F,martike04
287,Trendon Watford,913,2024-25,24,BRK,44,6,0,20.8,3.7,8.0,3.1,6.0,0.7,2.0,2.1,2.8,0.8,2.8,3.6,2.6,0.6,0.3,1.9,2.2,10.2,.469,.515,.330,.762,.557,.510,F,watfotr01
288,Immanuel Quickley,918,2024-25,25,TOR,33,33,0,27.8,5.6,13.3,3.0,6.5,2.6,6.8,3.4,3.9,0.5,3.1,3.5,5.8,0.7,0.1,1.8,1.8,17.1,.420,.465,.378,.867,.570,.517,G,quickim01
289,Bruce Brown,922,2024-25,28,NOPTOR,41,12,0,22.5,3.2,7.5,2.5,5.6,0.7,2.0,1.3,1.6,1.0,3.0,4.0,2.0,0.8,0.2,1.0,1.7,8.3,.421,.452,.333,.815,.504,.464,G-F,brownbr01
290,Brandon Miller,924,2024-25,22,CHO,27,27,0,34.2,7.3,18.2,3.5,7.3,3.9,10.9,2.5,2.9,0.9,3.9,4.9,3.6,1.1,0.7,2.8,2.7,21.0,.403,.475,.355,.861,.540,.509,F-G,millebr02
291,Gary Payton II,927,2024-25,32,GSW,62,11,0,15.0,2.8,4.8,2.3,3.3,0.5,1.5,0.4,0.6,0.9,2.1,3.0,1.3,0.8,0.3,0.6,1.7,6.5,.574,.690,.326,.711,.635,.626,G,paytoga02
292,Jordan Clarkson,962,2024-25,32,UTA,37,9,0,26.0,5.4,13.3,3.2,7.1,2.3,6.3,3.1,3.9,0.7,2.5,3.2,3.7,0.8,0.2,2.3,1.4,16.2,.408,.448,.362,.797,.540,.493,G,clarkjo01
293,Jalen Smith,962,2024-25,24,CHI,64,2,0,15.0,3.0,6.4,1.8,2.9,1.1,3.5,1.1,1.4,1.4,4.2,5.6,1.0,0.3,0.7,0.6,1.5,8.2,.466,.634,.324,.809,.586,.554,F,smithja04
294,Thomas Bryant,963,2024-25,27,INDMIA,66,8,0,14.6,2.5,4.9,1.7,2.6,0.7,2.2,0.8,1.0,1.3,2.5,3.8,0.8,0.4,0.6,0.5,1.2,6.5,.508,.665,.324,.859,.614,.583,C,bryanth01
295,Trayce Jackson-Davis,967,2024-25,24,GSW,62,37,0,15.6,2.8,4.9,2.8,4.8,0.0,0.0,1.0,1.6,2.0,3.0,5.0,1.7,0.4,0.6,0.7,1.2,6.6,.576,.582,.000,.578,.587,.576,F,jackstr02
296,Zach Collins,977,2024-25,27,CHISAS,64,12,0,15.3,2.4,4.7,1.9,3.1,0.5,1.7,1.1,1.2,1.6,2.9,4.5,1.7,0.5,0.5,0.9,2.1,6.4,.507,.617,.302,.885,.605,.560,C-F,colliza01
297,Andre Jackson Jr.,980,2024-25,23,MIL,67,43,0,14.6,1.4,2.9,1.0,1.8,0.4,1.1,0.2,0.4,1.0,1.7,2.7,1.2,0.5,0.2,0.9,1.7,3.4,.477,.529,.395,.500,.554,.553,G,jacksan01
298,Dalen Terry,987,2024-25,22,CHI,73,5,0,13.5,1.6,3.7,1.1,2.2,0.5,1.4,0.7,0.9,0.5,1.2,1.7,1.3,0.6,0.2,0.7,1.6,4.5,.448,.506,.356,.710,.546,.517,G,terryda01
299,Brandon Boston Jr.,993,2024-25,23,NOP,42,10,0,23.6,4.0,9.1,2.8,5.7,1.2,3.3,1.6,2.0,0.7,2.5,3.2,2.2,1.3,0.2,1.2,1.7,10.7,.436,.485,.350,.788,.535,.500,G-F,bostobr01
300,Kyle Anderson,1002,2024-25,31,GSWMIA,61,4,0,16.4,2.3,5.0,1.9,3.8,0.4,1.1,0.8,1.1,0.9,2.5,3.4,2.4,0.7,0.5,0.6,1.3,5.9,.469,.502,.357,.738,.538,.510,F-G,anderky01
301,Jalen Suggs,1002,2024-25,23,ORL,35,35,0,28.6,5.6,13.7,3.5,6.8,2.2,6.9,2.8,3.1,0.7,3.4,4.0,3.7,1.5,0.9,2.9,2.8,16.2,.410,.506,.314,.882,.536,.489,G,suggsja01
302,Dejounte Murray,1012,2024-25,28,NOP,31,31,0,32.6,6.3,15.9,4.6,10.3,1.7,5.6,3.3,4.0,0.5,5.9,6.5,7.4,2.0,0.4,3.4,2.0,17.5,.393,.444,.299,.823,.494,.445,G,murrade01
303,Kris Murray,1040,2024-25,24,POR,69,6,0,15.1,1.7,4.0,1.3,2.3,0.4,1.7,0.4,0.8,1.1,1.5,2.6,1.0,0.5,0.2,0.6,1.0,4.2,.419,.566,.225,.456,.472,.468,F,murrakr01
304,Alex Caruso,1041,2024-25,30,OKC,54,3,0,19.3,2.6,5.8,1.5,2.7,1.1,3.1,0.8,0.9,0.7,2.2,2.9,2.5,1.6,0.6,0.7,1.9,7.1,.446,.556,.353,.824,.568,.541,G,carusal01
305,Jamison Battle,1042,2024-25,23,TOR,59,10,0,17.7,2.5,5.9,0.7,1.5,1.8,4.4,0.3,0.3,0.6,2.1,2.7,0.9,0.3,0.2,0.5,1.6,7.1,.429,.500,.405,.889,.590,.581,F,battlja01
306,Noah Clowney,1042,2024-25,20,BRK,46,20,0,22.7,2.9,8.1,1.0,2.4,1.9,5.7,1.5,1.7,0.9,3.0,3.9,0.9,0.5,0.5,1.0,2.3,9.1,.358,.414,.333,.838,.516,.474,F,clownno01
307,Jared Butler,1044,2024-25,24,PHIWAS,60,17,0,17.4,3.4,7.6,2.4,4.7,1.0,2.8,1.3,1.5,0.4,1.4,1.8,3.7,0.7,0.2,1.3,1.6,9.0,.448,.504,.355,.824,.549,.514,G,butleja02
308,Oso Ighodaro,1045,2024-25,22,PHO,61,6,0,17.1,1.9,3.1,1.9,3.0,0.0,0.0,0.5,0.8,1.1,2.6,3.6,1.2,0.5,0.5,0.6,1.7,4.2,.604,.611,.000,.580,.610,.604,F,ighodos01
309,Isaac Okoro,1053,2024-25,24,CLE,55,22,0,19.1,2.3,4.9,1.2,2.1,1.0,2.7,0.6,0.8,0.9,1.5,2.4,1.2,0.6,0.3,0.4,1.9,6.1,.464,.586,.371,.717,.587,.569,G-F,okorois01
310,Cody Williams,1060,2024-25,20,UTA,50,21,0,21.2,1.7,5.1,1.0,2.4,0.7,2.7,0.6,0.8,0.5,1.7,2.3,1.2,0.5,0.3,0.9,1.9,4.6,.323,.393,.259,.725,.419,.391,G-F,willico04
311,Seth Curry,1062,2024-25,34,CHO,68,14,0,15.6,2.4,5.0,1.2,2.4,1.2,2.7,0.5,0.6,0.4,1.3,1.7,0.9,0.4,0.1,0.5,0.9,6.5,.478,.503,.456,.846,.616,.599,G,curryse01
312,Jusuf Nurkić,1063,2024-25,30,CHOPHO,51,32,0,20.8,3.3,6.9,2.7,4.8,0.6,2.1,1.7,2.5,1.7,6.1,7.8,2.3,0.8,0.7,1.9,2.5,8.9,.477,.551,.305,.664,.555,.523,C,nurkiju01
313,DaQuan Jeffries,1071,2024-25,27,CHO,47,20,0,22.8,2.5,6.2,1.3,2.7,1.2,3.5,0.5,0.6,0.8,2.1,2.9,1.1,0.6,0.5,0.7,2.1,6.7,.405,.496,.335,.800,.518,.500,G-F,jeffrda01
314,Jonathan Isaac,1090,2024-25,27,ORL,71,1,0,15.4,1.9,4.6,1.3,2.4,0.5,2.1,1.0,1.5,1.7,2.7,4.4,0.6,0.9,1.1,0.5,1.3,5.4,.414,.549,.258,.682,.512,.474,F,isaacjo01
315,Cameron Payne,1090,2024-25,30,NYK,72,5,0,15.1,2.5,6.2,1.2,2.6,1.3,3.6,0.7,0.8,0.2,1.3,1.4,2.8,0.5,0.2,0.7,1.5,6.9,.401,.453,.363,.907,.532,.506,G,payneca01
316,Jaxson Hayes,1093,2024-25,24,LAL,56,35,0,19.5,2.9,4.0,2.9,3.9,0.0,0.1,1.1,1.8,1.4,3.4,4.8,1.0,0.6,0.9,0.8,2.4,6.8,.722,.732,.000,.622,.720,.722,F,hayesja02
317,Ja'Kobe Walter,1103,2024-25,20,TOR,52,18,0,21.2,3.1,7.6,1.8,4.0,1.3,3.6,1.3,1.6,1.1,1.9,3.1,1.6,0.8,0.2,1.0,1.8,8.6,.405,.454,.349,.795,.523,.487,G,walteja01
318,Dalano Banton,1120,2024-25,25,POR,67,7,0,16.7,3.0,7.6,1.9,4.3,1.1,3.3,1.4,1.9,0.4,1.6,2.0,2.4,0.6,0.5,1.3,0.9,8.3,.391,.442,.324,.728,.497,.462,G-F,bantoda01
319,Ben Simmons,1120,2024-25,28,BRKLAC,51,24,0,22.0,2.3,4.4,2.3,4.4,0.0,0.0,0.5,0.6,0.9,3.8,4.7,5.6,0.7,0.5,2.0,2.1,5.0,.520,.520,,.727,.539,.520,G-F,simmobe01
320,Aaron Nesmith,1123,2024-25,25,IND,45,37,0,25.0,4.3,8.4,2.4,4.1,1.9,4.3,1.6,1.8,0.8,3.1,4.0,1.2,0.8,0.4,0.8,2.5,12.0,.507,.587,.431,.913,.653,.617,G-F,nesmiaa01
321,Julian Phillips,1123,2024-25,21,CHI,79,5,0,14.2,1.6,3.6,1.0,1.7,0.6,1.9,0.8,1.0,0.8,1.3,2.1,0.5,0.5,0.3,0.3,1.4,4.6,.446,.582,.327,.789,.571,.533,F,phillju01
322,Kenrich Williams,1132,2024-25,30,OKC,69,7,0,16.4,2.5,5.1,1.5,2.7,1.0,2.5,0.4,0.6,0.9,2.6,3.5,1.4,0.6,0.1,0.6,1.6,6.3,.483,.574,.386,.718,.587,.576,G-F,willike04
323,Kevon Looney,1142,2024-25,28,GSW,76,6,0,15.0,1.9,3.7,1.9,3.6,0.0,0.1,0.7,1.3,2.4,3.6,6.1,1.6,0.6,0.5,0.5,2.0,4.5,.514,.516,.400,.566,.535,.518,F-C,looneke01
324,Jonathan Kuminga,1144,2024-25,22,GSW,47,10,0,24.3,5.5,12.1,4.5,8.9,1.0,3.2,3.3,5.0,1.2,3.4,4.6,2.2,0.8,0.4,1.5,1.9,15.3,.454,.508,.305,.668,.535,.495,F,kuminjo01
325,Vit Krejci,1153,2024-25,24,ATL,57,16,0,20.2,2.5,5.1,1.0,1.5,1.6,3.6,0.6,0.8,0.4,2.4,2.7,2.6,0.6,0.5,0.9,1.8,7.2,.497,.640,.437,.711,.661,.651,G,krejcvi01
326,Justin Edwards,1155,2024-25,21,PHI,44,26,0,26.3,3.9,8.6,2.3,4.3,1.6,4.3,0.7,1.0,1.0,2.3,3.4,1.6,1.0,0.4,1.1,2.2,10.1,.455,.548,.363,.696,.559,.546,G,edwarju01
327,Nikola Jović,1156,2024-25,21,MIA,46,10,0,25.1,3.7,8.2,2.0,3.6,1.7,4.6,1.6,1.9,0.6,3.3,3.9,2.8,0.8,0.3,1.3,1.8,10.7,.456,.563,.371,.828,.595,.560,G-F,jovicni01
328,Precious Achiuwa,1170,2024-25,25,NYK,57,10,0,20.5,2.9,5.7,2.7,5.1,0.2,0.6,0.7,1.2,1.8,3.8,5.6,1.0,0.8,0.7,0.8,1.4,6.6,.502,.529,.278,.594,.530,.517,F,achiupr01
329,Mark Williams,1171,2024-25,23,CHO,44,41,0,26.6,6.1,10.2,6.1,10.1,0.0,0.1,3.0,3.7,3.0,7.2,10.2,2.5,0.7,1.2,1.6,2.4,15.3,.604,.609,.000,.804,.647,.604,C,willima07
330,Cody Martin,1173,2024-25,29,CHOPHO,53,8,0,22.1,2.6,6.1,1.8,3.3,0.8,2.8,0.8,1.2,1.0,3.2,4.2,2.0,1.1,0.6,1.0,1.8,6.8,.418,.534,.285,.705,.509,.485,G-F,martico01
331,Clint Capela,1176,2024-25,30,ATL,55,41,0,21.4,4.0,7.1,4.0,7.1,0.0,0.0,0.9,1.8,3.2,5.4,8.5,1.1,0.6,1.0,0.9,1.9,8.9,.559,.560,.000,.536,.564,.559,C,capelca01
332,Kawhi Leonard,1180,2024-25,33,LAC,37,37,0,31.9,8.4,16.8,6.3,11.7,2.1,5.1,2.6,3.3,0.9,5.0,5.9,3.1,1.6,0.5,1.9,1.5,21.5,.498,.536,.411,.810,.589,.560,F,leonaka01
333,Jarace Walker,1187,2024-25,21,IND,75,5,0,15.8,2.3,4.8,1.3,2.3,1.0,2.5,0.6,0.9,0.3,2.7,3.1,1.5,0.7,0.3,1.0,1.5,6.1,.472,.543,.405,.667,.590,.576,F,walkeja02
334,Deandre Ayton,1206,2024-25,26,POR,40,40,0,30.2,6.6,11.7,6.5,10.9,0.2,0.8,1.0,1.5,3.1,7.1,10.2,1.6,0.8,1.0,1.7,2.2,14.4,.566,.594,.188,.667,.583,.573,C,aytonde01
335,Brandon Clarke,1207,2024-25,28,MEM,64,18,0,18.9,3.7,5.9,3.7,5.7,0.0,0.3,1.0,1.4,2.0,3.1,5.1,1.0,0.8,0.6,0.6,2.3,8.3,.621,.647,.059,.701,.638,.622,F,clarkbr01
336,Kristaps Porziņģis,1210,2024-25,29,BOS,42,42,0,28.8,6.6,13.7,4.1,7.7,2.5,6.0,3.8,4.7,1.6,5.1,6.8,2.1,0.7,1.5,1.3,2.8,19.5,.483,.537,.412,.809,.618,.572,F-C,porzikr01
337,Caleb Martin,1218,2024-25,29,DALPHI,45,24,0,27.1,2.9,6.8,2.0,4.5,0.8,2.3,1.4,2.2,1.2,2.8,3.9,2.1,1.0,0.5,1.2,1.9,7.9,.424,.458,.359,.622,.513,.485,F,martica02
338,John Collins,1220,2024-25,27,UTA,40,31,0,30.5,7.0,13.3,5.5,9.6,1.5,3.7,3.5,4.1,2.2,6.0,8.2,2.0,1.0,1.0,2.6,2.9,19.0,.527,.577,.399,.848,.628,.583,F,collijo01
339,Daniel Gafford,1226,2024-25,26,DAL,57,31,0,21.5,5.0,7.1,5.0,7.1,0.0,0.0,2.4,3.4,2.7,4.1,6.8,1.4,0.4,1.8,1.2,2.7,12.3,.702,.702,,.689,.716,.702,C-F,gaffoda01
340,Ben Sheppard,1228,2024-25,23,IND,63,9,0,19.5,1.9,4.6,0.8,1.4,1.1,3.2,0.4,0.4,0.7,2.1,2.8,1.3,0.6,0.2,0.3,2.0,5.3,.418,.591,.342,.889,.555,.537,G,sheppbe01
341,Cole Anthony,1234,2024-25,24,ORL,67,22,0,18.4,3.4,8.1,2.3,4.9,1.1,3.3,1.4,1.7,0.7,2.4,3.0,2.9,0.7,0.5,1.5,2.3,9.4,.424,.471,.353,.823,.531,.494,G,anthoco01
342,Simone Fontecchio,1237,2024-25,29,DET,75,0,0,16.5,2.0,5.0,1.0,1.9,1.0,3.0,0.9,1.1,0.7,2.2,2.9,0.9,0.4,0.2,0.7,1.3,5.9,.402,.507,.335,.833,.544,.504,F,fontesi01
343,Jeremiah Robinson-Earl,1239,2024-25,24,NOP,66,9,0,18.8,2.4,5.3,1.5,2.8,0.8,2.5,0.7,0.8,1.7,3.1,4.8,1.3,0.6,0.1,0.8,1.2,6.3,.455,.557,.341,.836,.563,.536,F,robinje02
344,Moussa Diabaté,1241,2024-25,23,CHO,71,8,0,17.5,2.4,3.9,2.4,3.9,0.0,0.1,1.0,1.6,2.6,3.5,6.2,0.8,0.6,0.6,0.9,1.5,5.7,.596,.609,.000,.595,.609,.596,F,diabamo01
345,Bobby Portis,1244,2024-25,29,MIL,49,7,0,25.4,5.7,12.1,4.3,8.5,1.3,3.6,1.2,1.5,1.8,6.6,8.4,2.1,0.7,0.5,1.2,1.9,13.9,.466,.508,.365,.836,.542,.520,F,portibo01
346,Tidjane Salaün,1244,2024-25,19,CHO,60,10,0,20.7,1.9,5.8,0.9,2.3,1.0,3.4,1.1,1.6,1.2,3.5,4.7,1.2,0.5,0.2,1.0,1.4,5.9,.330,.400,.283,.713,.457,.414,F,salauti01
347,Ricky Council IV,1250,2024-25,23,PHI,73,12,0,17.1,2.4,6.3,1.7,3.4,0.8,2.9,1.7,2.1,0.7,2.2,2.9,1.3,0.4,0.2,0.7,0.9,7.3,.382,.488,.258,.804,.502,.442,G,councri01
348,Dean Wade,1252,2024-25,28,CLE,59,30,0,21.2,1.9,4.6,0.5,0.8,1.4,3.8,0.3,0.5,0.9,3.4,4.2,1.3,0.7,0.3,0.4,1.7,5.4,.413,.653,.360,.533,.563,.561,F,wadede01
349,Nick Richards,1256,2024-25,27,CHOPHO,57,43,0,22.0,3.6,6.1,3.6,6.1,0.0,0.0,2.1,2.8,2.6,5.6,8.2,0.9,0.2,1.0,1.4,2.5,9.3,.591,.594,.000,.744,.634,.591,F-C,richani01
350,Javonte Green,1258,2024-25,31,CLENOP,68,19,0,18.5,1.8,4.2,1.1,2.1,0.7,2.1,0.8,1.1,0.9,2.3,3.2,0.8,1.0,0.5,0.5,1.4,5.1,.429,.527,.326,.724,.541,.509,F,greenja02
351,Ron Holland,1266,2024-25,19,DET,81,2,0,15.6,2.4,5.1,2.0,3.3,0.4,1.9,1.1,1.5,0.5,2.2,2.7,1.0,0.6,0.2,0.9,1.7,6.4,.474,.608,.238,.754,.556,.517,F,hollaro01
352,Johnny Juzang,1270,2024-25,23,UTA,64,18,0,19.8,3.2,7.4,1.3,2.5,1.8,4.9,0.7,0.8,0.7,2.2,2.9,1.1,0.6,0.1,0.6,2.0,8.9,.429,.534,.376,.849,.573,.554,G,juzanjo01
353,Max Strus,1273,2024-25,28,CLE,50,37,0,25.5,3.3,7.5,1.0,1.6,2.3,5.9,0.6,0.7,1.1,3.3,4.3,3.2,0.5,0.2,1.1,2.1,9.4,.442,.650,.386,.824,.607,.594,G,strusma01
354,Jalen Johnson,1284,2024-25,23,ATL,36,36,0,35.7,7.5,15.1,6.3,11.1,1.2,3.9,2.6,3.5,1.7,8.3,10.0,5.0,1.6,1.0,2.9,1.9,18.9,.500,.566,.312,.746,.569,.541,F,johnsja05
355,Jonathan Mogbo,1286,2024-25,23,TOR,63,18,0,20.4,2.5,5.7,2.2,4.5,0.3,1.1,1.0,1.3,1.7,3.2,4.9,2.3,0.9,0.5,1.1,2.2,6.2,.438,.486,.243,.732,.496,.462,F,mogbojo01
356,Mason Plumlee,1300,2024-25,34,PHO,74,21,0,17.6,1.7,2.7,1.7,2.7,0.0,0.1,1.1,1.7,1.6,4.6,6.1,1.8,0.4,0.6,0.8,2.1,4.5,.619,.631,.000,.648,.645,.619,C-F,plumlma01
357,Tyrese Martin,1315,2024-25,25,BRK,60,11,0,21.9,3.2,7.8,1.5,3.1,1.7,4.7,0.8,1.0,1.0,2.7,3.7,2.0,0.6,0.2,1.2,1.3,8.7,.406,.492,.351,.793,.533,.513,G,martity01
358,Jordan Hawkins,1321,2024-25,22,NOP,56,9,0,23.6,3.7,9.9,1.7,4.0,2.0,5.9,1.4,1.8,0.4,2.4,2.8,1.2,0.5,0.4,1.0,0.9,10.8,.372,.433,.331,.816,.504,.471,G,hawkijo01
359,Donovan Clingan,1324,2024-25,20,POR,67,37,0,19.8,2.7,5.0,2.5,4.3,0.2,0.7,0.9,1.6,3.2,4.6,7.9,1.1,0.5,1.6,1.1,2.8,6.5,.539,.582,.286,.596,.574,.560,C,clingdo01
360,Ausar Thompson,1328,2024-25,22,DET,59,48,0,22.5,4.2,7.8,4.0,7.0,0.2,0.8,1.5,2.4,1.9,3.3,5.1,2.3,1.7,0.7,1.4,2.8,10.1,.535,.572,.224,.641,.568,.547,G,thompau01
361,Paul George,1334,2024-25,34,PHI,41,41,0,32.5,6.0,13.9,3.6,7.4,2.3,6.5,1.9,2.4,0.6,4.8,5.3,4.3,1.8,0.5,2.6,2.5,16.2,.430,.493,.358,.814,.543,.514,F-G,georgpa01
362,Justin Champagnie,1340,2024-25,23,WAS,62,31,0,21.6,3.4,6.6,2.2,3.5,1.2,3.1,0.8,1.2,1.8,3.9,5.7,1.0,1.0,0.6,0.9,1.8,8.8,.511,.624,.383,.685,.614,.601,F,champju01
363,Bogdan Bogdanović,1348,2024-25,32,ATLLAC,54,4,0,25.0,3.9,9.1,1.9,3.8,1.9,5.4,1.1,1.2,0.4,2.5,2.9,2.7,0.8,0.2,1.4,2.4,10.8,.427,.517,.363,.879,.559,.534,G,bogdabo01
364,Jake LaRavia,1349,2024-25,23,MEMSAC,66,0,0,20.4,2.4,5.1,1.5,3.0,0.9,2.2,1.2,1.7,1.4,2.6,3.9,2.4,0.9,0.3,1.3,2.0,6.9,.475,.513,.423,.678,.591,.564,F,laravja01
365,Trey Lyles,1349,2024-25,29,SAC,69,5,0,19.6,2.3,5.4,1.1,2.0,1.2,3.4,0.8,1.2,1.2,3.4,4.6,1.2,0.6,0.3,0.6,1.2,6.5,.420,.559,.340,.700,.551,.528,F,lylestr01
366,Luke Kornet,1361,2024-25,29,BOS,73,16,0,18.6,2.6,3.8,2.6,3.8,0.0,0.0,0.9,1.3,2.6,2.7,5.3,1.6,0.5,1.0,0.4,1.6,6.0,.668,.675,.000,.691,.683,.668,C-F,kornelu01
367,Jeremy Sochan,1364,2024-25,21,SAS,54,23,0,25.3,4.6,8.7,4.1,7.0,0.5,1.7,1.6,2.3,2.4,4.2,6.5,2.4,0.8,0.5,1.6,2.4,11.4,.535,.590,.308,.696,.589,.565,F-G,sochaje01
368,Jose Alvarado,1366,2024-25,26,NOP,56,23,0,24.4,3.6,9.3,1.7,3.8,2.0,5.5,1.1,1.3,0.5,1.9,2.4,4.6,1.3,0.3,1.5,1.6,10.3,.392,.439,.359,.811,.523,.498,G,alvarjo01
369,Nicolas Batum,1367,2024-25,36,LAC,78,8,0,17.5,1.3,3.1,0.2,0.4,1.1,2.6,0.2,0.3,0.6,2.2,2.8,1.1,0.7,0.5,0.4,1.4,4.0,.437,.457,.433,.810,.633,.622,F-G,batumni01
370,Jaime Jaquez Jr.,1368,2024-25,23,MIA,66,17,0,20.7,3.2,7.0,2.7,5.2,0.6,1.8,1.6,2.2,1.3,3.1,4.4,2.5,0.9,0.2,1.5,1.2,8.6,.461,.513,.311,.754,.543,.501,G-F,jaqueja01
371,Nick Smith Jr.,1369,2024-25,20,CHO,60,27,0,22.8,3.7,9.5,2.0,4.4,1.7,5.1,0.7,0.8,0.2,1.9,2.1,2.4,0.3,0.1,1.4,1.3,9.9,.391,.450,.340,.935,.502,.482,G,smithni01
372,Julian Strawther,1384,2024-25,22,DEN,65,4,0,21.3,3.2,7.5,1.8,3.3,1.4,4.1,1.1,1.4,0.3,1.9,2.2,1.3,0.6,0.2,0.9,2.3,9.0,.432,.535,.349,.822,.559,.529,F,strawju01
373,Ty Jerome,1392,2024-25,27,CLE,70,3,0,19.9,4.6,8.8,3.0,5.2,1.6,3.6,1.8,2.1,0.7,1.8,2.5,3.4,1.1,0.0,1.3,1.5,12.5,.516,.570,.439,.872,.643,.606,G,jeromty01
374,Ayo Dosunmu,1394,2024-25,25,CHI,46,26,0,30.3,4.8,9.8,3.5,5.7,1.3,4.1,1.3,1.7,0.6,2.9,3.5,4.5,0.9,0.4,1.5,2.3,12.3,.492,.612,.328,.785,.585,.561,G,dosunay01
375,Sam Merrill,1401,2024-25,28,CLE,71,4,0,19.7,2.4,6.0,0.5,0.8,1.9,5.2,0.4,0.4,0.5,1.7,2.2,1.5,0.7,0.2,0.5,1.7,7.2,.406,.625,.372,.966,.583,.567,G,merrisa01
376,Ryan Dunn,1410,2024-25,22,PHO,74,44,0,19.1,2.8,6.4,1.7,2.9,1.1,3.6,0.3,0.5,1.2,2.4,3.6,0.8,0.6,0.5,0.5,2.2,6.9,.430,.577,.311,.487,.517,.516,F,dunnry01
377,Terance Mann,1414,2024-25,28,ATLLAC,67,13,0,21.1,3.1,6.2,2.2,3.7,0.9,2.4,0.7,1.0,1.0,2.0,3.0,1.8,0.7,0.2,0.7,1.9,7.7,.496,.580,.368,.691,.584,.569,G-F,mannte01
378,T.J. McConnell,1415,2024-25,32,IND,79,1,0,17.9,4.1,7.9,3.9,7.3,0.2,0.6,0.7,1.0,0.6,1.9,2.4,4.4,1.1,0.3,1.4,1.0,9.1,.519,.537,.306,.740,.547,.531,G,mccontj01
379,Zach Edey,1416,2024-25,22,MEM,66,55,0,21.5,3.8,6.6,3.5,5.8,0.3,0.8,1.4,1.9,3.5,4.8,8.3,1.0,0.5,1.3,1.3,2.8,9.2,.580,.612,.346,.709,.624,.600,C,edeyza01
380,Tari Eason,1420,2024-25,23,HOU,57,16,0,24.9,4.8,9.8,3.7,6.6,1.1,3.2,1.4,1.8,2.2,4.1,6.4,1.5,1.7,0.9,1.1,2.4,12.0,.487,.557,.342,.760,.567,.543,F,easonta01
381,Kel'el Ware,1422,2024-25,20,MIA,64,36,0,22.2,4.0,7.3,3.5,5.5,0.5,1.7,0.7,1.0,1.8,5.6,7.4,0.9,0.6,1.1,0.9,1.7,9.3,.554,.629,.315,.687,.603,.592,C,wareke01
382,Goga Bitadze,1430,2024-25,25,ORL,70,42,0,20.4,3.0,4.8,2.9,4.4,0.0,0.4,1.2,1.9,2.4,4.2,6.6,2.0,0.7,1.4,1.0,2.1,7.2,.611,.656,.107,.639,.631,.615,C,bitadgo01
383,Brice Sensabaugh,1432,2024-25,21,UTA,71,15,0,20.2,3.9,8.4,1.7,3.2,2.2,5.2,0.9,1.0,0.6,2.4,3.0,1.5,0.6,0.1,1.5,1.6,10.9,.459,.520,.422,.890,.612,.590,F,sensabr01
384,Isaiah Stewart,1434,2024-25,23,DET,72,4,0,19.9,2.4,4.4,2.2,3.6,0.2,0.7,0.9,1.2,1.8,3.7,5.5,1.7,0.4,1.4,0.9,2.5,6.0,.559,.607,.321,.759,.616,.586,F-C,stewais01
385,Aaron Gordon,1447,2024-25,29,DEN,51,42,0,28.4,5.2,9.7,3.7,6.4,1.5,3.4,2.8,3.5,1.6,3.3,4.8,3.2,0.5,0.3,1.4,1.6,14.7,.531,.582,.436,.810,.650,.607,F,gordoaa01
386,Jamal Shead,1467,2024-25,22,TOR,75,11,0,19.6,2.7,6.7,1.8,3.7,1.0,3.0,0.7,0.9,0.4,1.1,1.5,4.2,0.8,0.1,1.6,2.1,7.1,.405,.470,.323,.768,.499,.476,G,sheadja01
387,Luke Kennard,1472,2024-25,28,MEM,65,11,0,22.6,3.2,6.6,1.4,2.6,1.7,4.0,0.8,0.9,0.6,2.2,2.8,3.3,0.8,0.1,1.1,0.9,8.9,.478,.547,.433,.895,.631,.609,G,kennalu01
388,Lauri Markkanen,1476,2024-25,27,UTA,47,47,0,31.4,6.3,14.9,3.4,6.4,2.9,8.5,3.4,3.9,1.5,4.4,5.9,1.5,0.7,0.4,1.4,1.7,19.0,.423,.525,.346,.876,.571,.521,F-C,markkla01
389,D'Angelo Russell,1480,2024-25,28,BRKLAL,58,36,0,25.5,4.3,11.0,2.3,4.8,1.9,6.2,2.1,2.5,0.3,2.4,2.8,5.1,1.0,0.4,1.9,2.0,12.6,.390,.489,.314,.834,.522,.479,G,russeda01
390,Kevin Porter Jr.,1482,2024-25,24,LACMIL,75,4,0,19.8,3.9,8.7,3.2,6.3,0.7,2.4,1.7,2.3,0.6,3.1,3.7,3.4,1.1,0.2,1.8,1.6,10.3,.449,.501,.311,.769,.531,.492,G,porteke02
391,Dalton Knecht,1494,2024-25,23,LAL,78,16,0,19.2,3.3,7.1,1.7,2.8,1.6,4.4,0.8,1.1,0.5,2.3,2.8,0.8,0.3,0.1,0.5,1.2,9.1,.461,.594,.376,.762,.594,.576,G,knechda01
392,LaMelo Ball,1505,2024-25,23,CHO,47,47,0,32.0,8.6,21.3,4.8,10.1,3.8,11.2,4.1,4.9,1.0,3.9,4.9,7.4,1.1,0.3,3.6,3.3,25.2,.405,.478,.339,.843,.536,.494,G,ballla01
393,Matas Buzelis,1511,2024-25,20,CHI,80,31,0,18.9,3.2,6.9,2.0,3.6,1.2,3.3,1.1,1.4,0.7,2.8,3.5,1.0,0.4,0.9,0.9,1.6,8.6,.454,.540,.361,.815,.571,.541,F,buzelma01
394,Ja Morant,1519,2024-25,25,MEM,50,50,0,30.4,8.1,17.8,6.3,12.1,1.8,5.7,5.3,6.4,0.7,3.4,4.1,7.3,1.2,0.2,3.7,2.3,23.2,.454,.523,.309,.824,.563,.504,G,moranja01
395,Kyle Filipowski,1522,2024-25,21,UTA,72,27,0,21.1,3.6,7.2,2.5,4.1,1.1,3.1,1.3,2.0,1.6,4.6,6.1,1.9,0.7,0.3,1.4,2.4,9.6,.502,.614,.350,.650,.594,.576,F-C,filipky01
396,Jerami Grant,1524,2024-25,30,POR,47,47,0,32.4,4.6,12.2,2.3,5.9,2.3,6.3,3.0,3.5,0.6,2.9,3.5,2.1,0.9,1.0,1.4,2.3,14.4,.373,.381,.365,.849,.523,.467,F,grantje01
397,Jonas Valančiūnas,1524,2024-25,32,SACWAS,81,21,0,18.8,4.3,7.7,4.2,7.3,0.1,0.5,1.8,2.0,2.3,5.4,7.7,2.0,0.5,0.6,1.5,2.2,10.4,.550,.571,.216,.879,.602,.557,C,valanjo01
398,Gabe Vincent,1527,2024-25,28,LAL,72,11,0,21.2,2.3,5.8,0.8,1.5,1.5,4.3,0.2,0.3,0.3,1.0,1.3,1.4,0.7,0.2,0.6,2.1,6.4,.400,.532,.353,.714,.536,.530,G,vincega01
399,Victor Wembanyama,1527,2024-25,21,SAS,46,46,1,33.2,8.9,18.6,5.8,9.9,3.1,8.8,3.4,4.1,1.8,9.2,11.0,3.7,1.1,3.8,3.2,2.3,24.3,.476,.586,.352,.836,.594,.559,C-F,wembavi01
400,Sam Hauser,1541,2024-25,27,BOS,71,19,0,21.7,3.0,6.7,0.7,1.1,2.3,5.6,0.2,0.2,0.6,2.5,3.2,0.9,0.6,0.2,0.3,1.2,8.5,.451,.640,.416,1.000,.632,.627,F,hausesa01
401,Ziaire Williams,1541,2024-25,23,BRK,63,45,0,24.5,3.4,8.3,1.8,3.5,1.6,4.8,1.6,2.0,1.0,3.6,4.6,1.3,1.0,0.4,1.1,2.4,10.0,.412,.509,.341,.821,.550,.511,F,willizi02
402,Grayson Allen,1544,2024-25,29,PHO,64,7,0,24.1,3.4,7.6,1.1,2.2,2.3,5.5,1.5,1.8,0.5,2.5,3.0,2.1,0.8,0.3,1.2,1.5,10.6,.448,.504,.426,.816,.631,.600,G,allengr01
403,Obi Toppin,1545,2024-25,26,IND,79,4,0,19.6,4.0,7.6,2.6,3.8,1.4,3.8,1.1,1.4,0.7,3.3,4.0,1.6,0.6,0.4,0.9,1.4,10.5,.529,.695,.365,.781,.642,.621,F,toppiob01
404,Patrick Williams,1576,2024-25,23,CHI,63,36,0,25.0,3.3,8.2,1.7,3.9,1.5,4.3,1.0,1.3,0.7,3.1,3.8,2.0,0.8,0.5,1.4,1.4,9.0,.397,.447,.353,.723,.512,.490,F,willipa01
405,Paolo Banchero,1582,2024-25,22,ORL,46,46,0,34.4,9.0,19.8,7.1,13.9,1.9,5.9,6.1,8.4,1.1,6.4,7.5,4.8,0.8,0.6,3.0,2.1,25.9,.452,.509,.320,.727,.551,.500,F,banchpa01
406,Gradey Dick,1587,2024-25,21,TOR,54,54,0,29.4,4.9,12.0,2.8,5.9,2.1,6.0,2.5,2.9,0.8,2.8,3.6,1.8,0.9,0.2,1.5,2.2,14.4,.410,.470,.350,.858,.543,.498,G,dickgr01
407,Isaiah Hartenstein,1590,2024-25,26,OKC,57,53,0,27.9,4.9,8.4,4.9,8.1,0.0,0.3,1.4,2.1,2.9,7.9,10.7,3.8,0.8,1.1,1.7,3.0,11.2,.581,.605,.000,.675,.599,.581,F,harteis01
408,Miles McBride,1593,2024-25,24,NYK,64,10,0,24.9,3.5,8.5,1.7,3.7,1.8,4.9,0.8,1.0,0.7,1.8,2.5,2.9,1.0,0.3,0.6,1.7,9.5,.406,.455,.369,.813,.531,.511,G,mcbrimi01
409,Caris LeVert,1596,2024-25,30,ATLCLE,64,3,0,24.9,4.4,9.4,2.7,4.9,1.7,4.4,1.7,2.4,0.6,2.5,3.2,3.4,0.9,0.5,1.2,1.5,12.1,.467,.552,.373,.710,.582,.556,G-F,leverca01
410,Corey Kispert,1602,2024-25,25,WAS,61,0,0,26.3,4.2,9.3,2.2,3.9,2.0,5.4,1.2,1.4,0.6,2.4,3.0,1.7,0.4,0.2,1.0,1.6,11.6,.451,.574,.364,.852,.584,.558,G-F,kispeco01
411,Isaiah Joe,1604,2024-25,25,OKC,74,16,0,21.7,3.5,7.9,0.9,1.6,2.6,6.3,0.6,0.8,0.6,2.1,2.6,1.6,0.6,0.1,0.5,1.5,10.2,.440,.549,.412,.821,.617,.604,G,joeis01
412,Donte DiVincenzo,1606,2024-25,28,MIN,62,10,0,25.9,4.0,9.6,1.2,2.5,2.8,7.1,0.8,1.0,0.5,3.2,3.7,3.6,1.2,0.3,1.6,1.8,11.7,.422,.490,.397,.778,.582,.568,G,divindo01
413,Tristan Da Silva,1629,2024-25,23,ORL,74,38,0,22.0,2.7,6.5,1.6,3.3,1.1,3.2,0.7,0.9,1.0,2.3,3.3,1.5,0.4,0.2,0.8,1.3,7.2,.412,.488,.335,.873,.522,.495,F,dasiltr01
414,Moses Moody,1649,2024-25,22,GSW,74,34,0,22.3,3.3,7.7,1.6,3.1,1.7,4.6,1.4,1.8,0.7,1.9,2.6,1.3,0.8,0.4,0.7,1.6,9.8,.433,.519,.374,.797,.578,.544,G,moodymo01
415,Peyton Watson,1656,2024-25,22,DEN,68,18,0,24.4,3.0,6.3,2.3,4.3,0.7,2.0,1.4,2.0,0.7,2.7,3.4,1.4,0.7,1.4,0.8,1.8,8.1,.477,.534,.353,.693,.564,.533,G-F,watsope01
416,Terry Rozier,1658,2024-25,30,MIA,64,23,0,25.9,3.9,9.9,2.5,5.1,1.4,4.8,1.4,1.7,0.7,3.0,3.7,2.6,0.6,0.2,1.2,1.1,10.6,.391,.480,.295,.852,.497,.462,G,roziete01
417,A.J. Green,1659,2024-25,25,MIL,73,7,0,22.7,2.5,5.8,0.4,0.8,2.1,5.0,0.3,0.4,0.2,2.1,2.4,1.5,0.5,0.1,0.5,2.2,7.4,.429,.443,.427,.815,.621,.612,G,greenaj01
418,Al Horford,1659,2024-25,38,BOS,60,42,0,27.7,3.3,7.7,1.4,2.5,1.9,5.2,0.6,0.6,1.3,4.8,6.2,2.1,0.6,0.9,0.8,1.4,9.0,.423,.551,.363,.895,.563,.547,C-F,horfoal01
419,Santi Aldama,1660,2024-25,24,MEM,65,16,0,25.5,4.8,10.0,3.0,5.0,1.8,5.0,1.0,1.4,1.4,5.0,6.4,2.9,0.8,0.4,1.1,1.2,12.5,.483,.599,.368,.691,.588,.576,F,aldamsa01
420,Kevin Huerter,1679,2024-25,26,CHISAC,69,31,0,24.3,3.7,8.8,1.8,3.1,1.9,5.7,0.5,0.7,0.4,2.5,3.0,2.3,1.0,0.3,1.0,1.8,9.9,.425,.587,.338,.714,.544,.535,G,huertke01
421,Scotty Pippen Jr.,1683,2024-25,24,MEM,79,21,0,21.3,3.6,7.5,2.5,4.7,1.1,2.8,1.5,2.2,0.8,2.5,3.3,4.4,1.3,0.4,1.7,2.6,9.9,.480,.528,.397,.713,.582,.553,G,pippesc02
422,Jakob Poeltl,1686,2024-25,29,TOR,57,56,0,29.6,6.4,10.2,6.4,10.1,0.0,0.1,1.7,2.5,3.3,6.3,9.6,2.8,1.2,1.2,1.9,3.1,14.5,.627,.628,.333,.674,.641,.628,C,poeltja01
423,Georges Niang,1697,2024-25,31,ATLCLE,79,3,0,21.5,3.6,7.8,1.5,2.7,2.1,5.2,0.6,0.7,0.6,2.8,3.4,1.4,0.4,0.2,1.0,2.5,9.9,.461,.569,.406,.793,.607,.595,F,niangge01
424,Bradley Beal,1702,2024-25,31,PHO,53,38,0,32.1,6.5,13.1,4.6,8.1,1.9,5.0,2.1,2.6,0.6,2.7,3.3,3.7,1.1,0.5,1.9,2.6,17.0,.497,.565,.386,.803,.598,.571,G,bealbr01
425,Anthony Davis,1706,2024-25,31,DALLAL,51,51,1,33.5,9.2,17.8,8.5,15.4,0.7,2.4,5.6,7.2,2.6,8.9,11.6,3.5,1.2,2.2,2.2,1.9,24.7,.516,.553,.282,.775,.588,.536,F-C,davisan02
426,Brandin Podziemski,1716,2024-25,21,GSW,64,33,0,26.8,4.4,9.8,2.6,5.0,1.8,4.8,1.1,1.5,1.0,4.1,5.1,3.4,1.1,0.2,1.2,1.5,11.7,.445,.516,.372,.758,.557,.537,G,podzibr01
427,Jabari Smith Jr.,1716,2024-25,21,HOU,57,39,0,30.1,4.4,9.9,2.6,5.1,1.7,4.9,1.8,2.2,1.8,5.2,7.0,1.1,0.4,0.7,1.1,2.2,12.2,.438,.519,.354,.825,.562,.525,F,smithja05
428,Ochai Agbaji,1739,2024-25,24,TOR,64,45,0,27.2,4.2,8.3,2.6,4.4,1.6,4.0,0.5,0.8,1.0,2.8,3.8,1.5,0.9,0.5,0.8,2.0,10.4,.498,.587,.399,.708,.601,.593,G,agbajoc01
429,De'Andre Hunter,1740,2024-25,27,ATLCLE,64,9,0,27.2,5.6,11.9,3.1,5.8,2.5,6.1,3.4,4.0,0.7,3.3,4.0,1.4,0.8,0.2,1.3,2.4,17.0,.470,.537,.405,.846,.623,.573,F,huntede01
430,Walker Kessler,1740,2024-25,23,UTA,58,58,0,30.0,4.8,7.2,4.7,6.6,0.1,0.6,1.4,2.6,4.6,7.6,12.2,1.7,0.6,2.4,1.5,2.2,11.1,.663,.706,.176,.520,.660,.671,C,kesslwa01
431,Aaron Wiggins,1744,2024-25,26,OKC,76,26,0,22.9,4.7,9.6,3.0,5.1,1.7,4.5,1.0,1.2,1.1,2.8,3.9,1.8,0.8,0.2,0.9,1.3,12.0,.488,.578,.383,.831,.596,.577,G,wiggiaa01
432,Jimmy Butler,1746,2024-25,35,GSWMIA,55,55,0,31.7,5.5,10.9,4.9,9.0,0.6,1.9,6.0,7.1,2.3,3.1,5.4,5.4,1.4,0.3,1.3,0.9,17.5,.504,.546,.308,.842,.626,.531,F-G,butleji01
433,Amir Coffey,1748,2024-25,27,LAC,72,13,0,24.3,3.3,7.1,1.9,3.7,1.4,3.4,1.6,1.8,0.4,1.8,2.2,1.1,0.6,0.1,0.6,1.7,9.7,.471,.529,.409,.891,.614,.570,G,coffeam01
434,Mike Conley,1756,2024-25,37,MIN,71,64,0,24.7,2.6,6.6,0.8,2.2,1.8,4.4,1.1,1.3,0.5,2.1,2.6,4.5,1.1,0.2,1.1,1.6,8.2,.400,.380,.410,.900,.573,.535,G,conlemi01
435,Wendell Carter Jr.,1758,2024-25,25,ORL,68,51,0,25.9,3.3,7.2,2.8,4.9,0.5,2.3,1.9,2.6,2.2,5.0,7.2,2.0,0.8,0.6,1.1,2.9,9.1,.460,.568,.234,.737,.544,.498,C,cartewe01
436,Collin Sexton,1758,2024-25,26,UTA,63,61,0,27.9,6.6,13.8,4.9,9.5,1.7,4.3,3.4,4.0,1.0,1.8,2.7,4.2,0.7,0.1,2.5,2.3,18.4,.480,.513,.406,.865,.593,.543,G,sextoco01
437,Scoot Henderson,1759,2024-25,20,POR,66,10,0,26.7,4.3,10.4,2.8,5.9,1.6,4.5,2.4,3.1,0.8,2.2,3.0,5.1,1.0,0.2,2.7,2.7,12.7,.419,.469,.354,.767,.540,.496,G,hendesc01
438,Luka Dončić,1769,2024-25,25,DALLAL,50,50,0,35.4,9.2,20.5,5.7,10.9,3.5,9.6,6.2,7.9,0.8,7.4,8.2,7.7,1.8,0.4,3.6,2.5,28.2,.450,.522,.368,.782,.587,.536,G-F,doncilu01
439,Kris Dunn,1783,2024-25,30,LAC,74,58,0,24.1,2.6,5.9,1.6,2.9,1.0,3.0,0.2,0.3,0.7,2.7,3.4,2.8,1.7,0.4,1.0,2.7,6.4,.439,.549,.335,.682,.531,.525,G,dunnkr01
440,Duncan Robinson,1785,2024-25,30,MIA,74,37,0,24.1,3.9,9.0,1.4,2.4,2.6,6.5,0.6,0.7,0.2,2.0,2.3,2.4,0.5,0.1,1.2,1.8,11.0,.437,.556,.393,.887,.595,.581,G-F,robindu01
441,Cameron Johnson,1800,2024-25,28,BRK,57,57,0,31.6,6.2,13.1,3.4,5.9,2.8,7.2,3.5,3.9,0.9,3.4,4.3,3.4,0.9,0.4,1.7,1.8,18.8,.475,.578,.390,.893,.632,.582,F,johnsca02
442,Kyshawn George,1802,2024-25,21,WAS,68,38,0,26.5,3.0,8.0,1.3,2.8,1.7,5.2,1.0,1.4,0.7,3.5,4.2,2.5,1.0,0.7,1.4,3.0,8.7,.372,.464,.322,.753,.503,.476,G,georgky01
443,Kyrie Irving,1804,2024-25,32,DAL,50,50,1,36.1,8.9,18.9,6.1,11.7,2.9,7.2,3.9,4.3,1.2,3.6,4.8,4.6,1.3,0.5,2.2,2.0,24.7,.473,.517,.401,.916,.594,.549,G,irvinky01
444,Alex Sarr,1814,2024-25,19,WAS,67,67,0,27.1,4.9,12.4,3.3,7.3,1.6,5.1,1.7,2.5,1.9,4.6,6.5,2.4,0.7,1.5,1.7,2.2,13.0,.394,.454,.308,.679,.482,.457,F,sarral01
445,Dorian Finney-Smith,1818,2024-25,31,BRKLAL,63,40,0,28.9,3.1,6.9,1.0,1.9,2.0,5.0,0.5,0.7,1.3,2.7,3.9,1.4,0.9,0.4,0.9,2.2,8.7,.448,.545,.411,.667,.604,.597,F,finnedo01
446,Haywood Highsmith,1818,2024-25,28,MIA,74,42,0,24.6,2.4,5.3,1.2,2.1,1.2,3.1,0.4,0.6,1.0,2.4,3.4,1.5,0.9,0.5,0.7,2.2,6.5,.458,.570,.382,.721,.583,.572,F,highsha01
447,CJ McCollum,1832,2024-25,33,NOP,56,56,0,32.7,7.9,17.9,4.9,9.7,3.1,8.2,2.2,3.1,0.8,3.0,3.8,4.1,0.8,0.4,1.9,2.2,21.1,.444,.505,.373,.717,.550,.530,G,mccolcj01
448,P.J. Washington,1835,2024-25,26,DAL,57,56,0,32.2,5.3,11.7,3.7,7.5,1.6,4.2,2.5,3.5,1.4,6.3,7.8,2.3,1.1,1.1,2.1,2.3,14.7,.453,.493,.381,.722,.556,.521,F,washipj01
449,Royce O'Neale,1837,2024-25,31,PHO,75,22,0,24.5,3.2,7.6,0.8,1.7,2.4,5.9,0.3,0.3,0.7,3.9,4.7,2.2,0.9,0.5,0.9,2.0,9.1,.423,.481,.406,.731,.585,.580,F,onealro01
450,Keldon Johnson,1838,2024-25,25,SAS,77,0,0,23.9,4.8,10.0,3.7,6.4,1.1,3.6,1.9,2.5,1.5,3.4,4.8,1.6,0.6,0.3,1.0,1.5,12.7,.482,.573,.318,.773,.572,.538,G,johnske04
451,Isaiah Collier,1839,2024-25,20,UTA,71,46,0,25.9,3.3,7.8,2.7,5.4,0.6,2.4,1.5,2.2,0.5,2.9,3.3,6.3,0.9,0.2,2.9,2.1,8.7,.422,.497,.249,.682,.494,.459,G,colliis01
452,Andrew Wiggins,1842,2024-25,29,GSWMIA,60,60,0,30.7,6.3,14.0,4.1,8.2,2.2,5.8,3.3,4.3,1.5,3.0,4.5,2.6,1.0,0.8,1.7,1.7,18.0,.448,.501,.374,.763,.566,.526,F-G,wiggian01
453,Zaccharie Risacher,1843,2024-25,19,ATL,75,73,0,24.6,4.8,10.4,3.1,5.8,1.6,4.6,1.4,2.0,1.1,2.4,3.6,1.2,0.7,0.5,1.2,2.0,12.6,.458,.540,.355,.711,.558,.537,F,risacza01
454,Trey Murphy III,1854,2024-25,24,NOP,53,51,0,35.0,7.2,15.8,4.2,7.6,3.0,8.3,3.8,4.3,0.9,4.2,5.1,3.5,1.1,0.7,1.9,2.1,21.2,.454,.556,.361,.887,.598,.548,F,murphtr02
455,Buddy Hield,1863,2024-25,32,GSW,82,22,0,22.7,4.0,9.6,1.5,2.9,2.5,6.7,0.6,0.8,0.6,2.6,3.2,1.6,0.8,0.3,1.1,1.6,11.1,.417,.527,.370,.828,.560,.546,G-F,hieldbu01
456,RJ Barrett,1869,2024-25,24,TOR,58,58,0,32.2,7.9,16.9,6.1,11.7,1.8,5.3,3.4,5.4,1.1,5.3,6.3,5.4,0.8,0.3,2.8,2.4,21.1,.468,.522,.350,.630,.547,.523,G-F,barrerj01
457,Rui Hachimura,1869,2024-25,26,LAL,59,57,0,31.7,5.0,9.8,3.2,5.6,1.7,4.2,1.5,1.9,1.3,3.7,5.0,1.4,0.8,0.4,0.8,1.8,13.1,.509,.581,.413,.770,.619,.597,F,hachiru01
458,Derrick Jones Jr.,1873,2024-25,27,LAC,77,55,0,24.3,4.0,7.6,3.0,4.8,1.0,2.8,1.1,1.5,1.2,2.2,3.4,0.8,1.0,0.4,0.9,2.0,10.1,.526,.627,.356,.703,.609,.593,F,jonesde02
459,Cason Wallace,1876,2024-25,21,OKC,68,43,0,27.6,3.4,7.2,2.3,4.1,1.1,3.1,0.4,0.5,1.0,2.3,3.4,2.5,1.8,0.5,0.9,2.1,8.4,.474,.562,.356,.811,.562,.550,G,wallaca01
460,Andrew Nembhard,1881,2024-25,25,IND,65,65,0,28.9,3.8,8.3,3.0,5.6,0.8,2.7,1.7,2.1,0.5,2.8,3.3,5.0,1.2,0.2,1.7,2.3,10.0,.458,.538,.291,.794,.545,.506,G,nembhan01
461,Nic Claxton,1882,2024-25,25,BRK,70,62,0,26.9,4.6,8.1,4.5,7.8,0.1,0.3,1.1,2.2,2.2,5.1,7.4,2.2,0.9,1.4,1.2,2.1,10.3,.563,.576,.238,.513,.569,.568,C,claxtni01
462,Anthony Black,1887,2024-25,21,ORL,78,10,0,24.2,3.4,7.9,2.6,5.4,0.8,2.5,1.9,2.5,0.7,2.3,2.9,3.1,1.1,0.6,1.8,2.1,9.4,.423,.471,.318,.761,.521,.473,G,blackan01
463,Josh Green,1887,2024-25,24,CHO,68,67,0,27.8,2.6,6.2,1.2,2.5,1.4,3.6,0.7,1.1,0.8,1.7,2.5,1.6,1.1,0.2,1.0,2.4,7.4,.428,.480,.391,.681,.559,.543,G-F,greenjo02
464,Gary Trent Jr.,1893,2024-25,26,MIL,74,9,0,25.6,3.8,8.9,1.4,3.0,2.4,5.9,1.1,1.2,0.3,2.0,2.3,1.2,1.0,0.1,0.6,1.7,11.1,.431,.460,.416,.848,.591,.568,G,trentga02
465,Guerschon Yabusele,1895,2024-25,29,PHI,70,43,0,27.1,4.0,8.0,2.5,4.1,1.5,3.9,1.4,2.0,1.9,3.7,5.6,2.1,0.8,0.3,1.2,2.3,11.0,.501,.616,.380,.725,.616,.593,F-C,yabusgu01
466,Jrue Holiday,1896,2024-25,34,BOS,62,62,0,30.6,4.1,9.2,2.4,4.3,1.7,4.9,1.1,1.2,1.2,3.0,4.3,3.9,1.1,0.4,1.2,1.6,11.1,.443,.547,.353,.909,.565,.538,G,holidjr01
467,Naji Marshall,1919,2024-25,27,DAL,69,31,0,27.8,5.2,10.3,4.4,7.2,0.9,3.2,1.9,2.3,1.1,3.7,4.8,3.0,1.0,0.2,1.6,1.6,13.2,.508,.611,.275,.813,.584,.551,F,marshna01
468,Keon Johnson,1925,2024-25,22,BRK,79,56,0,24.4,3.8,9.9,2.2,4.8,1.6,5.1,1.4,1.8,0.8,3.0,3.8,2.2,1.0,0.4,1.5,2.6,10.6,.389,.468,.314,.770,.499,.470,G,johnske07
469,Julian Champagnie,1932,2024-25,23,SAS,82,29,0,23.6,3.4,8.1,1.2,2.3,2.2,5.9,1.0,1.1,0.8,3.1,3.9,1.4,0.7,0.4,0.9,1.4,9.9,.415,.530,.371,.904,.577,.549,F,champju02
470,Kyle Kuzma,1936,2024-25,29,MILWAS,65,62,0,29.8,5.7,13.0,4.2,8.2,1.5,4.8,2.0,3.1,0.8,4.9,5.7,2.3,0.6,0.3,2.2,1.8,14.8,.436,.512,.307,.634,.514,.493,F,kuzmaky01
471,Bilal Coulibaly,1948,2024-25,20,WAS,59,59,0,33.0,4.5,10.6,3.4,6.8,1.1,3.8,2.3,3.1,1.5,3.4,5.0,3.4,1.3,0.7,2.1,2.4,12.3,.421,.500,.281,.746,.515,.472,F,coulibi01
472,Keon Ellis,1948,2024-25,25,SAC,80,28,0,24.4,2.8,5.8,1.1,1.8,1.7,4.0,0.9,1.1,0.8,1.9,2.7,1.5,1.5,0.8,0.9,2.2,8.3,.489,.615,.433,.849,.664,.639,G,elliske01
473,Yves Missi,1956,2024-25,20,NOP,73,67,0,26.8,3.7,6.7,3.7,6.7,0.0,0.0,1.7,2.8,3.5,4.7,8.2,1.4,0.5,1.3,1.1,2.0,9.1,.547,.548,.000,.623,.572,.547,C,missiyv01
474,Norman Powell,1958,2024-25,31,LAC,60,60,0,32.6,7.6,15.8,4.6,8.6,3.0,7.1,3.6,4.4,0.4,2.8,3.2,2.1,1.2,0.2,1.8,1.9,21.8,.484,.538,.418,.804,.615,.578,G,powelno01
475,Tyrese Maxey,1960,2024-25,24,PHI,52,52,0,37.7,9.2,21.0,6.1,11.8,3.1,9.2,4.9,5.6,0.3,3.1,3.3,6.1,1.8,0.4,2.4,2.2,26.3,.437,.515,.337,.879,.562,.511,G,maxeyty01
476,Klay Thompson,1965,2024-25,34,DAL,72,72,0,27.3,5.0,12.2,2.0,4.5,3.0,7.7,0.9,1.0,0.6,2.8,3.4,2.0,0.7,0.4,1.2,1.1,14.0,.412,.448,.391,.905,.552,.535,G-F,thompkl01
477,Draymond Green,1983,2024-25,34,GSW,68,66,0,29.2,3.2,7.5,2.0,3.9,1.2,3.6,1.5,2.2,1.1,5.0,6.1,5.6,1.5,1.0,2.6,3.2,9.0,.424,.517,.325,.687,.534,.503,F,greendr01
478,Devin Vassell,1983,2024-25,24,SAS,64,53,0,31.0,6.2,13.9,3.7,7.2,2.5,6.7,1.5,1.9,0.5,3.5,4.0,2.9,1.3,0.5,1.4,1.7,16.3,.443,.513,.368,.792,.553,.532,G-F,vassede01
479,Jordan Poole,2001,2024-25,25,WAS,68,68,0,29.4,6.7,15.5,3.3,6.4,3.5,9.1,3.6,4.0,0.5,2.5,3.0,4.5,1.3,0.4,3.0,3.0,20.5,.432,.510,.378,.883,.591,.544,G,poolejo01
480,Quentin Grimes,2013,2024-25,24,DALPHI,75,37,0,26.8,5.1,11.0,3.0,5.4,2.2,5.6,2.2,2.9,0.8,3.5,4.3,3.0,1.0,0.3,1.9,1.8,14.6,.467,.552,.385,.757,.595,.565,G,grimequ01
481,Franz Wagner,2023,2024-25,23,ORL,60,60,0,33.7,9.0,19.4,7.2,13.5,1.7,5.9,4.5,5.2,0.9,4.8,5.7,4.7,1.3,0.4,2.3,2.5,24.2,.463,.535,.295,.871,.558,.507,G-F,wagnefr01
482,Davion Mitchell,2027,2024-25,26,MIATOR,74,37,0,27.4,3.0,6.4,1.9,3.6,1.1,2.9,0.8,1.1,0.5,1.8,2.3,4.9,1.0,0.2,1.7,2.5,7.9,.468,.525,.398,.690,.573,.557,G,mitchda01
483,Miles Bridges,2029,2024-25,26,CHO,64,64,0,31.7,7.3,17.0,5.1,10.0,2.2,7.0,3.5,4.0,1.1,6.4,7.5,3.9,0.7,0.7,2.1,1.5,20.3,.431,.513,.313,.870,.541,.495,G-F,bridgmi02
484,Jalen Wilson,2031,2024-25,24,BRK,79,22,0,25.7,3.1,7.8,1.6,3.3,1.5,4.6,1.7,2.1,0.9,2.5,3.4,1.8,0.5,0.1,1.0,2.1,9.5,.397,.481,.337,.818,.541,.495,F,wilsoja03
485,Jalen Duren,2034,2024-25,21,DET,78,78,0,26.1,4.8,7.0,4.8,7.0,0.0,0.0,2.1,3.1,3.6,6.8,10.3,2.7,0.7,1.1,1.7,3.2,11.8,.692,.692,,.669,.703,.692,C,durenja01
486,Jaylen Wells,2043,2024-25,21,MEM,79,74,0,25.9,3.6,8.6,1.9,3.6,1.7,5.0,1.4,1.7,1.1,2.3,3.4,1.7,0.6,0.1,0.9,1.8,10.4,.425,.525,.352,.822,.560,.527,F,wellsja01
487,Malik Monk,2054,2024-25,26,SAC,65,45,0,31.6,6.3,14.4,4.2,7.9,2.1,6.6,2.4,2.7,0.5,3.3,3.8,5.6,0.9,0.6,2.4,2.4,17.2,.439,.534,.325,.865,.549,.513,G,monkma01
488,Onyeka Okongwu,2064,2024-25,24,ATL,74,40,0,27.9,5.2,9.2,4.6,7.2,0.6,2.0,2.2,2.9,3.0,5.9,8.9,2.3,0.9,0.9,1.2,2.6,13.4,.567,.634,.324,.759,.634,.602,F,okongon01
489,Nickeil Alexander-Walker,2073,2024-25,26,MIN,82,10,0,25.3,3.3,7.5,1.6,3.0,1.7,4.5,1.1,1.4,0.7,2.6,3.2,2.7,0.6,0.4,1.2,1.7,9.4,.438,.524,.381,.780,.579,.553,G,alexani01
490,Luguentz Dort,2073,2024-25,25,OKC,71,71,0,29.2,3.6,8.4,1.2,2.5,2.4,5.8,0.5,0.6,1.3,2.9,4.1,1.6,1.1,0.5,0.7,2.9,10.1,.435,.489,.412,.717,.586,.578,G,dortlu01
491,Kelly Oubre Jr.,2078,2024-25,29,PHI,60,57,0,34.6,5.8,12.4,4.6,8.3,1.2,4.0,2.3,3.1,1.6,4.5,6.1,1.8,1.5,0.5,1.3,3.0,15.1,.470,.555,.293,.751,.551,.518,F,oubreke01
492,Russell Westbrook,2092,2024-25,36,DEN,75,36,0,27.9,5.0,11.1,3.7,7.2,1.3,3.9,2.1,3.1,1.4,3.6,4.9,6.1,1.4,0.5,3.2,2.5,13.3,.449,.517,.323,.661,.532,.505,G,westbru01
493,Damian Lillard,2093,2024-25,34,MIL,58,58,1,36.1,7.7,17.1,4.3,8.1,3.4,9.0,6.2,6.8,0.5,4.2,4.7,7.1,1.2,0.2,2.8,1.7,24.9,.448,.528,.376,.921,.621,.547,G,lillada01
494,Dennis Schröder,2105,2024-25,31,BRKDETGSW,75,49,0,28.1,4.5,11.0,2.8,6.1,1.7,4.9,2.4,2.9,0.4,2.3,2.6,5.4,0.9,0.2,1.9,2.4,13.1,.406,.458,.342,.838,.531,.483,G,schrode01
495,Keyonte George,2109,2024-25,21,UTA,67,35,0,31.5,5.4,13.7,2.8,6.1,2.6,7.6,3.5,4.3,0.4,3.4,3.8,5.6,0.7,0.1,2.7,1.7,16.8,.391,.449,.343,.818,.539,.485,G,georgke01
496,Fred VanVleet,2111,2024-25,30,HOU,60,60,0,35.2,4.8,12.7,2.1,5.0,2.7,7.7,1.9,2.3,0.5,3.2,3.7,5.6,1.6,0.4,1.5,2.3,14.1,.378,.430,.345,.810,.515,.483,G,vanvlfr01
497,Josh Giddey,2117,2024-25,22,CHI,70,69,0,30.2,5.3,11.4,3.8,7.4,1.5,4.0,2.5,3.2,1.8,6.3,8.1,7.2,1.2,0.6,2.9,1.7,14.6,.465,.512,.378,.781,.570,.531,G,giddejo01
498,Max Christie,2127,2024-25,21,DALLAL,78,36,0,27.3,3.2,7.6,1.8,3.5,1.5,4.0,1.7,1.9,0.5,2.8,3.3,1.9,0.8,0.4,1.1,1.5,9.6,.427,.496,.366,.855,.570,.525,G,chrisma02
499,Scottie Barnes,2134,2024-25,23,TOR,65,65,0,32.8,7.3,16.4,6.1,12.0,1.2,4.3,3.5,4.6,1.7,6.0,7.7,5.8,1.4,1.0,2.8,1.7,19.3,.446,.508,.271,.755,.523,.482,G-F,barnesc01
500,Spencer Dinwiddie,2136,2024-25,31,DAL,79,30,0,27.0,3.6,8.6,2.2,4.5,1.4,4.1,2.5,3.1,0.2,2.4,2.6,4.4,0.9,0.2,1.3,1.5,11.0,.416,.492,.334,.802,.553,.496,G,dinwisp01
501,Bennedict Mathurin,2149,2024-25,22,IND,72,49,0,29.8,5.4,11.8,4.1,7.8,1.4,4.0,3.8,4.6,1.2,4.1,5.3,1.9,0.7,0.3,1.9,2.3,16.1,.458,.519,.340,.831,.579,.516,G-F,mathube01
502,Tim Hardaway Jr.,2153,2024-25,32,DET,77,77,0,28.0,3.6,8.8,1.4,2.9,2.2,5.9,1.6,1.9,0.2,2.1,2.4,1.6,0.5,0.1,0.6,1.2,11.0,.406,.484,.368,.855,.567,.529,G,hardati02
503,Jaylen Brown,2158,2024-25,28,BOS,63,63,1,34.3,8.2,17.7,6.4,12.1,1.8,5.7,3.9,5.1,1.3,4.5,5.8,4.5,1.2,0.3,2.6,2.4,22.2,.463,.529,.324,.764,.555,.515,F-G,brownja02
504,Deni Avdija,2161,2024-25,24,POR,72,54,0,30.0,5.6,11.7,3.8,7.0,1.7,4.8,4.0,5.2,1.5,5.7,7.3,3.9,1.0,0.5,2.7,2.4,16.9,.476,.552,.365,.780,.605,.550,G-F,avdijde01
505,Stephon Castle,2162,2024-25,20,SAS,81,47,0,26.7,5.2,12.2,4.0,8.1,1.2,4.1,3.1,4.2,1.1,2.6,3.7,4.1,0.9,0.3,2.2,2.0,14.7,.428,.501,.285,.724,.522,.476,G,castlst01
506,Taurean Prince,2166,2024-25,30,MIL,80,73,0,27.1,2.9,6.4,1.1,2.2,1.8,4.2,0.5,0.6,0.4,3.2,3.6,1.9,1.0,0.2,1.0,2.1,8.2,.457,.492,.439,.813,.613,.600,F,princta02
507,Evan Mobley,2167,2024-25,23,CLE,71,71,1,30.5,7.1,12.8,5.9,9.5,1.2,3.2,3.1,4.3,2.3,7.0,9.3,3.2,0.9,1.6,2.0,2.0,18.5,.557,.621,.370,.725,.633,.604,F-C,mobleev01
508,Tyus Jones,2174,2024-25,28,PHO,81,58,0,26.8,3.8,8.4,1.7,3.5,2.0,5.0,0.6,0.7,0.5,1.9,2.4,5.3,0.9,0.1,1.1,0.8,10.2,.448,.496,.414,.895,.585,.570,G,jonesty01
509,Myles Turner,2174,2024-25,28,IND,72,72,0,30.2,5.4,11.3,3.3,5.8,2.2,5.5,2.6,3.3,1.3,5.3,6.5,1.5,0.8,2.0,1.7,2.5,15.6,.481,.561,.396,.773,.612,.577,C-F,turnemy01
510,Naz Reid,2200,2024-25,25,MIN,80,17,0,27.5,5.3,11.5,3.1,5.8,2.2,5.8,1.4,1.8,1.2,4.9,6.0,2.3,0.7,0.9,1.4,2.4,14.2,.462,.544,.379,.776,.577,.556,F,reidna01
511,Desmond Bane,2205,2024-25,26,MEM,69,68,0,32.0,7.1,14.8,4.8,8.7,2.4,6.1,2.6,2.9,0.9,5.2,6.1,5.3,1.2,0.4,2.4,2.4,19.2,.484,.548,.392,.894,.600,.565,G,banede01
512,Jaren Jackson Jr.,2207,2024-25,25,MEM,74,74,1,29.8,8.0,16.4,6.0,11.1,2.0,5.3,4.2,5.4,1.2,4.4,5.6,2.0,1.2,1.5,2.1,3.5,22.2,.488,.541,.375,.781,.591,.548,F,jacksja02
513,Amen Thompson,2225,2024-25,22,HOU,69,42,0,32.2,5.6,10.1,5.3,8.8,0.4,1.3,2.4,3.6,2.8,5.4,8.2,3.8,1.4,1.3,2.0,2.4,14.1,.557,.599,.275,.684,.602,.575,G,thompam01
514,Julius Randle,2226,2024-25,30,MIN,69,69,0,32.3,6.6,13.6,5.0,9.1,1.6,4.6,3.9,4.9,2.1,5.0,7.1,4.7,0.7,0.2,2.8,2.5,18.7,.485,.555,.344,.806,.593,.542,F-C,randlju01
515,Harrison Barnes,2230,2024-25,32,SAS,82,82,0,27.2,4.2,8.3,2.3,3.9,1.9,4.4,2.0,2.4,1.2,2.6,3.8,1.7,0.5,0.2,0.6,0.9,12.3,.508,.591,.433,.809,.656,.622,F,barneha02
516,Donovan Mitchell,2232,2024-25,28,CLE,71,71,1,31.4,8.2,18.6,5.0,9.7,3.3,8.9,4.2,5.1,0.8,3.7,4.5,5.0,1.3,0.2,2.1,2.0,24.0,.443,.512,.368,.823,.575,.531,G,mitchdo01
517,Jalen Williams,2237,2024-25,23,OKC,69,69,1,32.4,8.2,16.9,6.4,12.0,1.8,4.9,3.4,4.3,0.9,4.5,5.3,5.1,1.6,0.7,2.2,2.3,21.6,.484,.533,.365,.789,.573,.537,G,willija06
518,De'Aaron Fox,2241,2024-25,27,SACSAS,62,62,0,36.1,8.7,18.8,6.8,12.6,1.9,6.1,4.2,5.1,0.9,3.9,4.8,6.3,1.5,0.4,2.8,2.6,23.5,.463,.538,.310,.827,.560,.514,G,foxde01
519,Stephen Curry,2252,2024-25,36,GSW,70,70,1,32.2,8.1,18.0,3.6,6.8,4.4,11.2,4.0,4.3,0.6,3.9,4.4,6.0,1.1,0.4,2.9,1.4,24.5,.448,.534,.397,.933,.618,.572,G,curryst01
520,Shaedon Sharpe,2252,2024-25,21,POR,72,52,0,31.3,6.9,15.3,4.9,8.8,2.0,6.6,2.6,3.4,0.9,3.6,4.5,2.8,0.9,0.2,2.1,1.7,18.5,.452,.557,.311,.785,.551,.519,G,sharpsh01
521,Kevin Durant,2265,2024-25,36,PHO,62,62,1,36.5,9.5,18.1,7.0,12.1,2.6,6.0,4.9,5.8,0.4,5.7,6.0,4.2,0.8,1.2,3.1,1.7,26.6,.527,.574,.430,.839,.642,.598,F-G,duranke01
522,Payton Pritchard,2271,2024-25,27,BOS,80,3,0,28.4,5.1,10.8,1.9,3.0,3.2,7.8,0.9,1.1,1.3,2.6,3.8,3.5,0.9,0.2,1.0,1.5,14.3,.472,.642,.407,.845,.633,.620,G,pritcpa01
523,Nikola Vučević,2278,2024-25,34,CHI,73,72,0,31.2,7.5,14.2,5.8,9.8,1.8,4.4,1.6,2.0,2.4,7.6,10.1,3.5,0.8,0.7,1.6,2.2,18.5,.530,.587,.402,.805,.611,.592,C,vucevni01
524,Kentavious Caldwell-Pope,2279,2024-25,31,ORL,77,77,0,29.6,3.1,7.1,1.6,2.8,1.5,4.3,1.1,1.2,0.4,1.8,2.2,1.8,1.3,0.4,0.8,1.8,8.7,.439,.589,.342,.863,.574,.543,G,caldwke01
525,Malik Beasley,2283,2024-25,28,DET,82,18,0,27.8,5.6,13.1,1.7,3.7,3.9,9.3,1.2,1.7,0.6,2.0,2.6,1.7,0.9,0.1,1.0,1.5,16.3,.430,.466,.416,.679,.590,.579,G,beaslma01
526,Giannis Antetokounmpo,2289,2024-25,30,MIL,67,67,1,34.2,11.8,19.7,11.6,18.7,0.2,0.9,6.5,10.6,2.2,9.7,11.9,6.5,0.9,1.2,3.1,2.3,30.4,.601,.620,.222,.617,.625,.607,F-G,antetgi01
527,Chris Paul,2292,2024-25,39,SAS,82,82,0,28.0,3.0,7.1,1.3,2.6,1.7,4.5,1.0,1.1,0.4,3.2,3.6,7.4,1.3,0.3,1.6,1.8,8.8,.427,.514,.377,.924,.580,.547,G,paulch01
528,Anfernee Simons,2292,2024-25,25,POR,70,70,0,32.7,6.8,16.1,3.8,7.6,3.1,8.5,2.5,2.8,0.4,2.3,2.7,4.8,0.9,0.1,2.0,1.7,19.3,.426,.496,.363,.902,.557,.521,G,simonan01
529,Jarrett Allen,2296,2024-25,26,CLE,82,82,0,28.0,5.5,7.8,5.5,7.7,0.0,0.1,2.4,3.4,2.6,7.1,9.7,1.9,0.9,0.9,1.2,1.5,13.5,.706,.712,.000,.718,.724,.706,C-F,allenja01
530,Jalen Brunson,2301,2024-25,28,NYK,65,65,1,35.4,9.0,18.5,6.7,12.4,2.3,6.1,5.7,6.9,0.4,2.5,2.9,7.3,0.9,0.1,2.5,2.1,26.0,.488,.539,.383,.821,.605,.551,G,brunsja01
531,Darius Garland,2301,2024-25,25,CLE,75,75,1,30.7,7.4,15.7,4.6,8.6,2.8,7.1,3.0,3.4,0.6,2.2,2.9,6.7,1.2,0.1,2.5,1.9,20.6,.472,.530,.401,.878,.600,.562,G,garlada01
532,Tobias Harris,2305,2024-25,32,DET,73,73,0,31.6,5.3,11.0,4.0,7.4,1.2,3.6,2.0,2.3,0.9,5.0,5.9,2.2,1.0,0.8,1.2,1.9,13.7,.477,.542,.345,.861,.571,.534,F,harrito02
533,Dillon Brooks,2388,2024-25,29,HOU,75,75,0,31.8,5.1,11.9,2.6,5.7,2.5,6.3,1.3,1.6,1.0,2.7,3.7,1.7,0.8,0.2,1.0,3.2,14.0,.429,.465,.397,.818,.555,.533,F-G,brookdi01
534,Rudy Gobert,2388,2024-25,32,MIN,72,72,0,33.2,4.7,7.1,4.7,7.1,0.0,0.0,2.6,3.8,3.7,7.2,10.9,1.8,0.8,1.4,1.2,2.5,12.0,.669,.669,,.674,.687,.669,C,goberru01
535,Alperen Şengün,2395,2024-25,22,HOU,76,76,1,31.5,7.5,15.0,7.2,13.9,0.3,1.2,3.9,5.6,3.4,6.9,10.3,4.9,1.1,0.8,2.6,2.8,19.1,.496,.519,.233,.692,.545,.505,C-F,sengual01
536,Jamal Murray,2418,2024-25,27,DEN,67,67,0,36.1,7.9,16.7,5.6,10.8,2.3,5.9,3.3,3.7,0.7,3.2,3.9,6.0,1.4,0.5,2.1,1.9,21.4,.474,.518,.393,.886,.584,.543,G,murraja01
537,Domantas Sabonis,2429,2024-25,28,SAC,70,70,0,34.7,7.5,12.8,6.6,10.5,0.9,2.2,3.1,4.1,3.8,10.1,13.9,6.0,0.7,0.4,2.9,3.3,19.1,.590,.627,.417,.754,.655,.627,C-F,sabondo01
538,LeBron James,2444,2024-25,40,LAL,70,70,1,34.9,9.3,18.1,7.2,12.5,2.1,5.7,3.7,4.7,1.0,6.8,7.8,8.2,1.0,0.6,3.7,1.4,24.4,.513,.574,.376,.782,.604,.571,F-G,jamesle01
539,Coby White,2450,2024-25,24,CHI,74,73,0,33.1,6.9,15.1,3.9,7.3,2.9,7.9,3.7,4.1,0.3,3.4,3.7,4.5,0.9,0.2,2.4,2.1,20.4,.453,.544,.370,.902,.601,.550,G,whiteco01
540,Tyrese Haliburton,2451,2024-25,24,IND,73,73,0,33.6,6.5,13.8,3.5,6.1,3.0,7.7,2.6,3.0,0.6,3.0,3.5,9.2,1.4,0.7,1.6,1.3,18.6,.473,.581,.388,.851,.616,.582,G,halibty01
541,Cade Cunningham,2452,2024-25,23,DET,70,70,1,35.0,9.8,20.8,7.6,14.8,2.1,6.0,4.5,5.3,0.8,5.3,6.1,9.1,1.0,0.8,4.4,2.8,26.1,.469,.515,.356,.846,.565,.521,G,cunnica01
542,Bub Carrington,2458,2024-25,19,WAS,82,57,0,30.0,3.7,9.1,2.0,4.2,1.7,5.0,0.8,1.0,0.4,3.8,4.2,4.4,0.7,0.3,1.7,2.3,9.8,.401,.475,.339,.812,.514,.493,G,carrica01
543,Karl-Anthony Towns,2517,2024-25,29,NYK,72,72,1,35.0,8.9,16.9,6.9,12.2,2.0,4.7,4.7,5.7,2.9,9.8,12.8,3.1,1.0,0.7,2.7,3.5,24.4,.526,.567,.420,.829,.630,.584,C-F,townska01
544,Brook Lopez,2546,2024-25,36,MIL,80,80,0,31.8,4.9,9.7,3.2,5.0,1.7,4.7,1.4,1.7,1.4,3.6,5.0,1.8,0.6,1.9,1.1,2.1,13.0,.509,.636,.373,.826,.624,.599,C,lopezbr01
545,Toumani Camara,2548,2024-25,24,POR,78,78,0,32.7,4.2,9.2,2.5,4.6,1.7,4.6,1.2,1.6,2.2,3.6,5.8,2.2,1.5,0.6,1.4,2.9,11.3,.458,.542,.375,.722,.572,.552,F,camarto01
546,Pascal Siakam,2548,2024-25,30,IND,78,78,1,32.7,7.9,15.2,6.2,11.0,1.6,4.2,2.9,3.9,1.7,5.2,6.9,3.4,0.9,0.5,1.4,2.4,20.2,.519,.568,.389,.734,.599,.572,F-C,siakapa01
547,Austin Reaves,2550,2024-25,26,LAL,73,73,0,34.9,6.5,14.2,3.8,6.9,2.7,7.3,4.4,5.0,0.8,3.7,4.5,5.8,1.1,0.3,2.4,2.1,20.2,.460,.547,.377,.877,.616,.556,G,reaveau01
548,Dyson Daniels,2571,2024-25,21,ATL,76,76,0,33.8,6.0,12.1,4.9,9.1,1.1,3.1,1.1,1.8,1.6,4.3,5.9,4.4,3.0,0.7,2.0,2.3,14.1,.493,.545,.340,.593,.545,.536,G,daniedy01
549,Nikola Jokić,2571,2024-25,29,DEN,70,70,1,36.7,11.2,19.5,9.3,14.8,2.0,4.7,5.2,6.4,2.9,9.9,12.7,10.2,1.8,0.6,3.3,2.3,29.6,.576,.627,.417,.800,.663,.627,C-F,jokicni01
550,Derrick White,2574,2024-25,30,BOS,76,76,0,33.9,5.6,12.6,2.1,3.5,3.5,9.1,1.8,2.1,0.9,3.6,4.5,4.8,0.9,1.1,1.7,1.8,16.4,.442,.593,.384,.839,.606,.580,G,whitede01
551,Michael Porter Jr.,2593,2024-25,26,DEN,77,77,0,33.7,6.9,13.6,4.4,7.3,2.5,6.4,1.9,2.5,1.8,5.2,7.0,2.1,0.6,0.5,1.4,2.0,18.2,.504,.599,.395,.768,.617,.596,F,portemi01
552,Shai Gilgeous-Alexander,2598,2024-25,26,OKC,76,76,1,34.2,11.3,21.8,9.2,16.1,2.1,5.7,7.9,8.8,0.9,4.1,5.0,6.4,1.7,1.0,2.4,2.2,32.7,.519,.571,.375,.898,.637,.569,G,gilgesh01
553,Zach LaVine,2602,2024-25,29,CHISAC,74,74,0,35.2,8.4,16.5,5.2,9.3,3.2,7.2,3.2,3.9,0.3,4.0,4.3,4.2,0.8,0.2,2.8,1.6,23.3,.511,.562,.446,.825,.639,.609,G-F,lavinza01
554,Keegan Murray,2610,2024-25,24,SAC,76,76,0,34.3,4.8,10.8,2.8,4.9,2.0,5.9,0.8,0.9,1.9,4.8,6.7,1.4,0.8,0.9,0.8,2.4,12.4,.444,.566,.343,.833,.553,.538,F,murrake02
555,Jaden McDaniels,2614,2024-25,24,MIN,82,82,0,31.9,4.9,10.2,3.6,6.5,1.2,3.7,1.3,1.6,1.6,4.2,5.7,2.0,1.3,0.9,1.2,2.7,12.2,.477,.561,.330,.813,.562,.537,F,mcdanja02
556,Jayson Tatum,2624,2024-25,26,BOS,72,72,1,36.4,9.2,20.3,5.7,10.2,3.5,10.1,5.0,6.1,0.7,8.0,8.7,6.0,1.1,0.5,2.9,2.2,26.8,.452,.559,.343,.814,.582,.537,F,tatumja01
557,Ivica Zubac,2624,2024-25,27,LAC,80,80,0,32.8,7.4,11.8,7.4,11.8,0.0,0.0,2.0,3.0,3.8,8.9,12.6,2.7,0.7,1.1,1.6,2.1,16.8,.628,.628,,.661,.641,.628,C,zubaciv01
558,Bam Adebayo,2674,2024-25,27,MIA,78,78,0,34.3,6.9,14.3,5.9,11.4,1.0,2.8,3.2,4.2,2.4,7.2,9.6,4.3,1.3,0.7,2.1,2.1,18.1,.485,.517,.357,.765,.561,.521,C-F,adebaba01
559,Christian Braun,2675,2024-25,23,DEN,79,77,0,33.9,6.0,10.4,4.9,7.6,1.1,2.8,2.2,2.7,1.2,3.9,5.2,2.6,1.1,0.5,1.0,2.2,15.4,.580,.648,.397,.827,.665,.634,G,braunch01
560,Jalen Green,2697,2024-25,22,HOU,82,82,0,32.9,7.4,17.5,4.6,9.5,2.9,8.1,3.3,4.1,0.5,4.0,4.6,3.4,0.9,0.3,2.5,1.5,21.0,.423,.482,.354,.813,.544,.505,G,greenja05
561,OG Anunoby,2706,2024-25,27,NYK,74,74,0,36.6,6.6,13.9,4.3,7.7,2.3,6.2,2.5,3.1,1.3,3.5,4.8,2.2,1.5,0.9,1.4,2.3,18.0,.476,.561,.372,.810,.591,.559,F,anunoog01
562,Tyler Herro,2725,2024-25,25,MIA,77,77,1,35.4,8.5,17.9,5.2,9.2,3.3,8.7,3.7,4.2,0.5,4.7,5.2,5.5,0.9,0.2,2.6,1.1,23.9,.472,.565,.375,.878,.605,.563,G,herroty01
563,Trae Young,2739,2024-25,26,ATL,76,76,1,36.0,7.4,18.1,4.6,9.7,2.9,8.4,6.5,7.4,0.5,2.6,3.1,11.6,1.2,0.2,4.7,1.9,24.2,.411,.474,.340,.875,.567,.491,G,youngtr01
564,DeMar DeRozan,2768,2024-25,35,SAC,77,77,0,35.9,8.1,17.0,7.0,13.7,1.1,3.3,4.9,5.7,0.6,3.2,3.9,4.4,0.8,0.4,1.4,1.9,22.2,.477,.513,.328,.857,.569,.509,G-F,derozde01
565,James Harden,2789,2024-25,35,LAC,79,79,1,35.3,6.7,16.4,3.7,7.9,3.0,8.5,6.4,7.3,0.7,5.1,5.8,8.7,1.5,0.7,4.3,2.1,22.8,.410,.472,.352,.874,.582,.501,G,hardeja01
566,Devin Booker,2795,2024-25,28,PHO,75,75,0,37.3,8.7,18.9,6.3,11.6,2.4,7.3,5.8,6.4,1.0,3.1,4.1,7.1,0.9,0.2,2.9,2.6,25.6,.461,.542,.332,.894,.589,.525,G,bookede01
567,Anthony Edwards,2871,2024-25,23,MIN,79,79,1,36.3,9.1,20.4,5.1,10.1,4.1,10.3,5.3,6.3,0.8,4.9,5.7,4.5,1.2,0.6,3.2,1.9,27.6,.447,.501,.395,.837,.595,.547,G-F,edwaran01
568,Josh Hart,2897,2024-25,29,NYK,77,77,0,37.6,5.2,10.0,4.2,6.7,1.1,3.3,2.1,2.7,2.1,7.5,9.6,5.9,1.5,0.4,2.1,2.6,13.6,.525,.618,.333,.776,.611,.579,G,hartjo01
569,Mikal Bridges,3036,2024-25,28,NYK,82,82,0,37.0,7.2,14.4,5.2,8.8,2.0,5.6,1.2,1.4,0.9,2.3,3.2,3.7,0.9,0.5,1.6,1.5,17.6,.500,.594,.354,.814,.585,.570,F-G,bridgmi01
